partId,slot,boundsSize,boundsCenter,normalizedScale,pivotOffset,socketOffset,socketEuler,qualityFlag,reviewReason
nova_fire_01_larm,Firepower,0.82;0.123125;0.772518,0;0;0,1,0;0;0,0;-0.061563;0,0;0;90,auto_ok,
nova_fire_01_larm_70738f30,Firepower,0.201422;0.657723;0.82,0;0;0,1,0;0;0,0;-0.328862;0,0;0;90,auto_ok,
nova_fire_01_larm_a60b1435,Firepower,0.201422;0.657723;0.82,0;0;0,1,0;0;0,0;-0.328862;0,0;0;90,auto_ok,
nova_fire_01_larm_b07ca42b,Firepower,0.801233;0.82;0.82,0;0;0,1,0;0;0,0;-0.41;0,0;0;90,auto_ok,
nova_fire_01_larm_ba64d7e9,Firepower,0.801233;0.82;0.82,0;0;0,1,0;0;0,0;-0.41;0,0;0;90,auto_ok,
nova_fire_01_larm_fb67c0f6,Firepower,0.82;0.123125;0.772518,0;0;0,1,0;0;0,0;-0.061563;0,0;0;90,auto_ok,
nova_fire_01_rarm,Firepower,0.82;0.123126;0.772518,0;0;0,1,0;0;0,0;-0.061563;0,0;0;90,auto_ok,
nova_fire_01_rarm_78f1d508,Firepower,0.82;0.123126;0.772518,0;0;0,1,0;0;0,0;-0.061563;0,0;0;90,auto_ok,
nova_fire_01_rarm_9ba136d9,Firepower,0.801233;0.82;0.82,0;0;0,1,0;0;0,0;-0.41;0,0;0;90,auto_ok,
nova_fire_01_rarm_ae65717f,Firepower,0.201422;0.657723;0.82,0;0;0,1,0;0;0,0;-0.328862;0,0;0;90,auto_ok,
nova_fire_01_rarm_ba79b34c,Firepower,0.201422;0.657723;0.82,0;0;0,1,0;0;0,0;-0.328862;0,0;0;90,auto_ok,
nova_fire_01_rarm_cefde3b6,Firepower,0.801233;0.82;0.82,0;0;0,1,0;0;0,0;-0.41;0,0;0;90,auto_ok,
nova_fire_02_larm,Firepower,0.82;0.59765;0.690105,0;0;0,1,0;0;0,0;-0.298825;0,0;0;90,auto_ok,
nova_fire_02_larm_37321bd3,Firepower,0.82;0.59765;0.690105,0;0;0,1,0;0;0,0;-0.298825;0,0;0;90,auto_ok,
nova_fire_02_larm_8089aa7c,Firepower,0.395201;0.496561;0.82,0;0;0,1,0;0;0,0;-0.24828;0,0;0;90,auto_ok,
nova_fire_02_larm_977dfdc1,Firepower,0.184311;0.82;0.467787,0;0;0,1,0;0;0,0;-0.41;0,0;0;90,auto_ok,
nova_fire_02_larm_97fa2bd5,Firepower,0.395201;0.496561;0.82,0;0;0,1,0;0;0,0;-0.24828;0,0;0;90,auto_ok,
nova_fire_02_larm_b6fa80c6,Firepower,0.184311;0.82;0.467787,0;0;0,1,0;0;0,0;-0.41;0,0;0;90,auto_ok,
nova_fire_02_rarm,Firepower,0.82;0.59765;0.690105,0;0;0,1,0;0;0,0;-0.298825;0,0;0;90,auto_ok,
nova_fire_02_rarm_0a4c1935,Firepower,0.395201;0.496561;0.82,0;0;0,1,0;0;0,0;-0.24828;0,0;0;90,auto_ok,
nova_fire_02_rarm_55b5d821,Firepower,0.395201;0.496561;0.82,0;0;0,1,0;0;0,0;-0.24828;0,0;0;90,auto_ok,
nova_fire_02_rarm_94889939,Firepower,0.184311;0.82;0.467787,0;0;0,1,0;0;0,0;-0.41;0,0;0;90,auto_ok,
nova_fire_02_rarm_967e17ca,Firepower,0.82;0.59765;0.690105,0;0;0,1,0;0;0,0;-0.298825;0,0;0;90,auto_ok,
nova_fire_02_rarm_c5fb8c37,Firepower,0.184311;0.82;0.467787,0;0;0,1,0;0;0,0;-0.41;0,0;0;90,auto_ok,
nova_fire_1_lback,Firepower,0.82;0.445662;0.556708,0;0;0,1,0;0;0,0;-0.222831;0,0;0;90,auto_ok,
nova_fire_1_lback_86755cc5,Firepower,0.82;0.445662;0.556708,0;0;0,1,0;0;0,0;-0.222831;0,0;0;90,auto_ok,
nova_fire_1_rback,Firepower,0.82;0.445662;0.556708,0;0;0,1,0;0;0,0;-0.222831;0,0;0;90,auto_ok,
nova_fire_1_rback_fddbd3e1,Firepower,0.82;0.445662;0.556708,0;0;0,1,0;0;0,0;-0.222831;0,0;0;90,auto_ok,
nova_fire_2_lback,Firepower,0.409994;0.668101;0.82,0;0;0,1,0;0;0,0;-0.33405;0,0;0;90,auto_ok,
nova_fire_2_lback_1a3908fc,Firepower,0.409994;0.668101;0.82,0;0;0,1,0;0;0,0;-0.33405;0,0;0;90,auto_ok,
nova_fire_2_rback,Firepower,0.409994;0.668101;0.82,0;0;0,1,0;0;0,0;-0.33405;0,0;0;90,auto_ok,
nova_fire_2_rback_31cd6d75,Firepower,0.409994;0.668101;0.82,0;0;0,1,0;0;0,0;-0.33405;0,0;0;90,auto_ok,
nova_fire_arm1_sz,Firepower,0.23245;0.141121;0.82,0;0;0,1,0;0;0,0;-0.070561;0,0;0;90,auto_ok,
nova_fire_arm10_broz,Firepower,0.82;0.441368;0.688731,0;0;0,1,0;0;0,0;-0.220684;0,0;0;90,auto_ok,
nova_fire_arm11_poms,Firepower,0.406457;0.270537;0.82,0;0;0,1,0;0;0,0;-0.135268;0,0;0;90,auto_ok,
nova_fire_arm12_onms,Firepower,0.396438;0.265912;0.82,0;0;0,1,0;0;0,0;-0.132956;0,0;0;90,auto_ok,
nova_fire_arm13_prs,Firepower,0.281164;0.317828;0.82,0;0;0,1,0;0;0,0;-0.158914;0,0;0;90,auto_ok,
nova_fire_arm14_hbsz,Firepower,0.574524;0.495901;0.82,0;0;0,1,0;0;0,0;-0.247951;0,0;0;90,auto_ok,
nova_fire_arm15_hdkn,Firepower,0.72747;0.505643;0.82,0;0;0,1,0;0;0,0;-0.252822;0,0;0;90,auto_ok,
nova_fire_arm16_mgbr,Firepower,0.472291;0.534246;0.82,0;0;0,1,0;0;0,0;-0.267123;0,0;0;90,auto_ok,
nova_fire_arm17_prrs,Firepower,0.82;0.377117;0.475259,0;0;0,1,0;0;0,0;-0.188559;0,0;0;90,auto_ok,
nova_fire_arm18_knst,Firepower,0.728154;0.459112;0.82,0;0;0,1,0;0;0,0;-0.229556;0,0;0;90,auto_ok,
nova_fire_arm19_roz,Firepower,0.82;0.354779;0.505499,0;0;0,1,0;0;0,0;-0.17739;0,0;0;90,auto_ok,
nova_fire_arm2_hbbr,Firepower,0.82;0.313064;0.688083,0;0;0,1,0;0;0,0;-0.156532;0,0;0;90,auto_ok,
nova_fire_arm20_rkto,Firepower,0.82;0.337176;0.453556,0;0;0,1,0;0;0,0;-0.168588;0,0;0;90,auto_ok,
nova_fire_arm21_nmsz,Firepower,0.314476;0.235102;0.82,0;0;0,1,0;0;0,0;-0.117551;0,0;0;90,auto_ok,
nova_fire_arm22_bsrsk,Firepower,0.378987;0.223174;0.82,0;0;0,1,0;0;0,0;-0.111587;0,0;0;90,auto_ok,
nova_fire_arm23_rkog,Firepower,0.82;0.819999;0.82,0;0;0,1,0;0;0,0;-0.41;0,0;0;90,auto_ok,
nova_fire_arm24_bzk,Firepower,0.199884;0.266164;0.82,0;0;0,1,0;0;0,0;-0.133082;0,0;0;90,auto_ok,
nova_fire_arm25_skoob,Firepower,0.323918;0.181878;0.82,0;0;0,1,0;0;0,0;-0.090939;0,0;0;90,auto_ok,
nova_fire_arm26_srmd,Firepower,0.2886;0.569788;0.82,0;0;0,1,0;0;0,0;-0.284894;0,0;0;90,auto_ok,
nova_fire_arm27_stst,Firepower,0.551584;0.82;0.736982,0;0;0,1,0;0;0,0;-0.41;0,0;0;90,auto_ok,
nova_fire_arm28_ozs,Firepower,0.376862;0.276549;0.82,0;0;0,1,0;0;0,0;-0.138275;0,0;0;90,auto_ok,
nova_fire_arm29_sdbt,Firepower,0.165586;0.182269;0.82,0;0;0,1,0;0;0,0;-0.091135;0,0;0;90,auto_ok,
nova_fire_arm3_krst,Firepower,0.82;0.227531;0.498712,0;0;0,1,0;0;0,0;-0.113765;0,0;0;90,auto_ok,
nova_fire_arm30_sm,Firepower,0.48048;0.294149;0.82,0;0;0,1,0;0;0,0;-0.147074;0,0;0;90,auto_ok,
nova_fire_arm31_skokr,Firepower,0.82;0.369968;0.455366,0;0;0,1,0;0;0,0;-0.184984;0,0;0;90,auto_ok,
nova_fire_arm32_sppoo,Firepower,0.461336;0.390252;0.82,0;0;0,1,0;0;0,0;-0.195126;0,0;0;90,auto_ok,
nova_fire_arm33_hkoo,Firepower,0.474574;0.310002;0.82,0;0;0,1,0;0;0,0;-0.155001;0,0;0;90,auto_ok,
nova_fire_arm34_skpo,Firepower,0.330978;0.310368;0.82,0;0;0,1,0;0;0,0;-0.155184;0,0;0;90,auto_ok,
nova_fire_arm35_ons,Firepower,0.82;0.16514;0.419982,0;0;0,1,0;0;0,0;-0.08257;0,0;0;90,auto_ok,
nova_fire_arm36_bnso,Firepower,0.281094;0.264545;0.82,0;0;0,1,0;0;0,0;-0.132273;0,0;0;90,auto_ok,
nova_fire_arm37_sts,Firepower,0.82;0.287852;0.395867,0;0;0,1,0;0;0,0;-0.143926;0,0;0;90,auto_ok,
nova_fire_arm39_hmsk,Firepower,0.271913;0.82;0.65401,0;0;0,1,0;0;0,0;-0.41;0,0;0;90,auto_ok,
nova_fire_arm4_bk,Firepower,0.368976;0.151919;0.82,0;0;0,1,0;0;0,0;-0.07596;0,0;0;90,auto_ok,
nova_fire_arm41_onoo,Firepower,0.82;0.376842;0.476286,0;0;0,1,0;0;0,0;-0.188421;0,0;0;90,auto_ok,
nova_fire_arm43_przso,Firepower,0.313634;0.215765;0.82,0;0;0,1,0;0;0,0;-0.107882;0,0;0;90,auto_ok,
nova_fire_arm46_dbkr,Firepower,0.596511;0.661411;0.82,0;0;0,1,0;0;0,0;-0.330705;0,0;0;90,auto_ok,
nova_fire_arm5_dmsz,Firepower,0.148746;0.12846;0.82,0;0;0,1,0;0;0,0;-0.06423;0,0;0;90,auto_ok,
nova_fire_arm55_bbs,Firepower,0.814348;0.666527;0.82,0;0;0,1,0;0;0,0;-0.333263;0,0;0;90,auto_ok,
nova_fire_arm6_msg,Firepower,0.82;0.401367;0.770464,0;0;0,1,0;0;0,0;-0.200684;0,0;0;90,auto_ok,
nova_fire_arm7_br,Firepower,0.606552;0.224358;0.82,0;0;0,1,0;0;0,0;-0.112179;0,0;0;90,auto_ok,
nova_fire_arm71_toptower,Firepower,0.249825;0.268163;0.82,0;0;0,1,0;0;0,0;-0.134082;0,0;0;90,auto_ok,
nova_fire_arm72_larmtower,Firepower,0.38552;0.528498;0.82,0;0;0,1,0;0;0,0;-0.264249;0,0;0;90,auto_ok,
nova_fire_arm73_rarmtower,Firepower,0.38552;0.528498;0.82,0;0;0,1,0;0;0,0;-0.264249;0,0;0;90,auto_ok,
nova_fire_arm74_lshdtower,Firepower,0.329435;0.82;0.314099,0;0;0,1,0;0;0,0;-0.41;0,0;0;90,auto_ok,
nova_fire_arm75_rshdtower,Firepower,0.329435;0.82;0.314099,0;0;0,1,0;0;0,0;-0.41;0,0;0;90,auto_ok,
nova_fire_arm76_orns,Firepower,0.20468;0.503567;0.82,0;0;0,1,0;0;0,0;-0.251783;0,0;0;90,auto_ok,
nova_fire_arm77_osdor,Firepower,0.49096;0.77567;0.82,0;0;0,1,0;0;0,0;-0.387835;0,0;0;90,auto_ok,
nova_fire_arm78_rdoot,Firepower,0.82;0.663417;0.592132,0;0;0,1,0;0;0,0;-0.331709;0,0;0;90,auto_ok,
nova_fire_arm79_snop,Firepower,0.269519;0.252764;0.82,0;0;0,1,0;0;0,0;-0.126382;0,0;0;90,auto_ok,
nova_fire_arm8_do,Firepower,0.339613;0.572306;0.82,0;0;0,1,0;0;0,0;-0.286153;0,0;0;90,auto_ok,
nova_fire_arm80_opkrs,Firepower,0.361153;0.440226;0.82,0;0;0,1,0;0;0,0;-0.220113;0,0;0;90,auto_ok,
nova_fire_arm81_rtro,Firepower,0.329439;0.419805;0.82,0;0;0,1,0;0;0,0;-0.209902;0,0;0;90,auto_ok,
nova_fire_arm9_omg,Firepower,0.12281;0.375338;0.82,0;0;0,1,0;0;0,0;-0.187669;0,0;0;90,auto_ok,
nova_fire_armtowermis,Firepower,0.437146;0.318204;0.82,0;0;0,1,0;0;0,0;-0.159102;0,0;0;90,auto_ok,
nova_fire_front,Firepower,0;0;0,0;0;0,1,0;0;0,0;0;0,0;0;90,missing_renderer,bounds max dimension is zero
nova_fire_front_25584a9c,Firepower,0.82;0.800348;0.776892,0;0;0,1,0;0;0,0;-0.400174;0,0;0;90,auto_ok,
nova_fire_front_72f37ed3,Firepower,0.82;0.542099;0.752343,0;0;0,1,0;0;0,0;-0.271049;0,0;0;90,auto_ok,
nova_fire_front_caad5e5c,Firepower,0.82;0.800348;0.776892,0;0;0,1,0;0;0,0;-0.400174;0,0;0;90,auto_ok,
nova_fire_front_cbb7fd7f,Firepower,0;0;0,0;0;0,1,0;0;0,0;0;0,0;0;90,missing_renderer,bounds max dimension is zero
nova_fire_front_cca45776,Firepower,0.82;0.542099;0.752343,0;0;0,1,0;0;0,0;-0.271049;0,0;0;90,auto_ok,
nova_fire_g_arm56_prrs,Firepower,0.82;0.377117;0.475259,0;0;0,1,0;0;0,0;-0.188559;0,0;0;90,auto_ok,
nova_fire_g_arm57_prs,Firepower,0.281164;0.317828;0.82,0;0;0,1,0;0;0,0;-0.158914;0,0;0;90,auto_ok,
nova_fire_g_arm58_dbkr,Firepower,0.596511;0.661411;0.82,0;0;0,1,0;0;0,0;-0.330705;0,0;0;90,auto_ok,
nova_fire_g_arm93_rtro,Firepower,0.329439;0.419805;0.82,0;0;0,1,0;0;0,0;-0.209902;0,0;0;90,auto_ok,
nova_fire_g_arm94_rdoot,Firepower,0.82;0.663417;0.592132,0;0;0,1,0;0;0,0;-0.331709;0,0;0;90,auto_ok,
nova_fire_g_arm95_sppoo,Firepower,0.461336;0.390252;0.82,0;0;0,1,0;0;0,0;-0.195126;0,0;0;90,auto_ok,
nova_fire_g_arm96_snop,Firepower,0.269519;0.252764;0.82,0;0;0,1,0;0;0,0;-0.126382;0,0;0;90,auto_ok,
nova_fire_g_arm97_rkog,Firepower,0.200641;0.512065;0.82,0;0;0,1,0;0;0,0;-0.256032;0,0;0;90,auto_ok,
nova_fire_larm,Firepower,0.82;0.818767;0.808539,0;0;0,1,0;0;0,0;-0.409383;0,0;0;90,auto_ok,
nova_fire_larm_0731a786,Firepower,0.356961;0.500071;0.82,0;0;0,1,0;0;0,0;-0.250035;0,0;0;90,auto_ok,
nova_fire_larm_46c9554a,Firepower,0.82;0.818767;0.808539,0;0;0,1,0;0;0,0;-0.409383;0,0;0;90,auto_ok,
nova_fire_larm_cc51d9e0,Firepower,0.356961;0.500071;0.82,0;0;0,1,0;0;0,0;-0.250035;0,0;0;90,auto_ok,
nova_fire_larm81m,Firepower,0.82;0.141117;0.276936,0;0;0,1,0;0;0,0;-0.070559;0,0;0;90,auto_ok,
nova_fire_lback,Firepower,0.231637;0.750849;0.82,0;0;0,1,0;0;0,0;-0.375424;0,0;0;90,auto_ok,
nova_fire_lback_5f1d02d8,Firepower,0.231637;0.750849;0.82,0;0;0,1,0;0;0,0;-0.375424;0,0;0;90,auto_ok,
nova_fire_m,Firepower,0.437146;0.318204;0.82,0;0;0,1,0;0;0,0;-0.159102;0,0;0;90,auto_ok,
nova_fire_m_d46a2a2f,Firepower,0.451997;0.348359;0.82,0;0;0,1,0;0;0,0;-0.17418;0,0;0;90,auto_ok,
nova_fire_m_df76d31f,Firepower,0.82;0.254834;0.588148,0;0;0,1,0;0;0,0;-0.127417;0,0;0;90,auto_ok,
nova_fire_n_arm59_dmsz,Firepower,0.148746;0.12846;0.82,0;0;0,1,0;0;0,0;-0.06423;0,0;0;90,auto_ok,
nova_fire_n_arm60_mgbr,Firepower,0.472291;0.534246;0.82,0;0;0,1,0;0;0,0;-0.267123;0,0;0;90,auto_ok,
nova_fire_n_arm61_bsrsk,Firepower,0.378987;0.223174;0.82,0;0;0,1,0;0;0,0;-0.111587;0,0;0;90,auto_ok,
nova_fire_n_arm62_knst,Firepower,0.728154;0.459112;0.82,0;0;0,1,0;0;0,0;-0.229556;0,0;0;90,auto_ok,
nova_fire_n_arm63_krst,Firepower,0.82;0.227531;0.498712,0;0;0,1,0;0;0,0;-0.113765;0,0;0;90,auto_ok,
nova_fire_n_arm64_hdkn,Firepower,0.72747;0.505643;0.82,0;0;0,1,0;0;0,0;-0.252822;0,0;0;90,auto_ok,
nova_fire_n_arm65_bbs,Firepower,0.814348;0.666527;0.82,0;0;0,1,0;0;0,0;-0.333263;0,0;0;90,auto_ok,
nova_fire_n_arm66_skpo,Firepower,0.330978;0.310368;0.82,0;0;0,1,0;0;0,0;-0.155184;0,0;0;90,auto_ok,
nova_fire_n_arm67_sts,Firepower,0.82;0.287852;0.395867,0;0;0,1,0;0;0,0;-0.143926;0,0;0;90,auto_ok,
nova_fire_n_arm68_roz,Firepower,0.82;0.354779;0.505499,0;0;0,1,0;0;0,0;-0.17739;0,0;0;90,auto_ok,
nova_fire_n_arm69_rkog,Firepower,0.200641;0.512065;0.82,0;0;0,1,0;0;0,0;-0.256032;0,0;0;90,auto_ok,
nova_fire_n_arm70_hmsk,Firepower,0.271913;0.82;0.65401,0;0;0,1,0;0;0,0;-0.41;0,0;0;90,auto_ok,
nova_fire_rarm,Firepower,0.82;0.818767;0.808539,0;0;0,1,0;0;0,0;-0.409383;0,0;0;90,auto_ok,
nova_fire_rarm_0575504b,Firepower,0.356961;0.500071;0.82,0;0;0,1,0;0;0,0;-0.250035;0,0;0;90,auto_ok,
nova_fire_rarm_647b83b7,Firepower,0.356961;0.500071;0.82,0;0;0,1,0;0;0,0;-0.250035;0,0;0;90,auto_ok,
nova_fire_rarm_ae592bf0,Firepower,0.82;0.818767;0.808539,0;0;0,1,0;0;0,0;-0.409383;0,0;0;90,auto_ok,
nova_fire_rback,Firepower,0.231637;0.750849;0.82,0;0;0,1,0;0;0,0;-0.375424;0,0;0;90,auto_ok,
nova_fire_rback_9c6bd72c,Firepower,0.231637;0.750849;0.82,0;0;0,1,0;0;0,0;-0.375424;0,0;0;90,auto_ok,
nova_fire_review,Firepower,0.82;0;0.82,0;0;0,1,0;0;0,0;0;0,0;0;90,needs_review_flat,min/max ratio 0 is below 0.04
nova_fire_review_29e11d45,Firepower,0.270563;0.322578;0.82,0;0;0,1,0;0;0,0;-0.161289;0,0;0;90,auto_ok,
nova_fire_review_58d20138,Firepower,0.239454;0.396495;0.82,0;0;0,1,0;0;0,0;-0.198247;0,0;0;90,auto_ok,
nova_fire_review_70df0174,Firepower,0.440626;0.314194;0.82,0;0;0,1,0;0;0,0;-0.157097;0,0;0;90,auto_ok,
nova_fire_review_72000940,Firepower,0.440626;0.250557;0.82,0;0;0,1,0;0;0,0;-0.125278;0,0;0;90,auto_ok,
nova_fire_review_921ded0f,Firepower,0.328526;0.209107;0.82,0;0;0,1,0;0;0,0;-0.104553;0,0;0;90,auto_ok,
nova_fire_review_f7c085c0,Firepower,0.82;0.790329;0.711126,0;0;0,1,0;0;0,0;-0.395164;0,0;0;90,auto_ok,
nova_fire_review_fe4703c5,Firepower,0.806964;0.316151;0.82,0;0;0,1,0;0;0,0;-0.158076;0,0;0;90,auto_ok,
nova_fire_s_arm48_nmsz,Firepower,0.314476;0.235102;0.82,0;0;0,1,0;0;0,0;-0.117551;0,0;0;90,auto_ok,
nova_fire_s_arm49_rkog,Firepower,0.200641;0.512065;0.82,0;0;0,1,0;0;0,0;-0.256032;0,0;0;90,auto_ok,
nova_fire_s_arm50_hmsk,Firepower,0.271913;0.82;0.65401,0;0;0,1,0;0;0,0;-0.41;0,0;0;90,auto_ok,
nova_fire_s_arm51_roz,Firepower,0.82;0.354779;0.505499,0;0;0,1,0;0;0,0;-0.17739;0,0;0;90,auto_ok,
nova_fire_s_arm52_bzk,Firepower,0.199884;0.266164;0.82,0;0;0,1,0;0;0,0;-0.133082;0,0;0;90,auto_ok,
nova_fire_s_arm53_ons,Firepower,0.82;0.16514;0.419982,0;0;0,1,0;0;0,0;-0.08257;0,0;0;90,auto_ok,
nova_fire_s_arm54_onoo,Firepower,0.82;0.376842;0.476286,0;0;0,1,0;0;0,0;-0.188421;0,0;0;90,auto_ok,
nova_fire_ss0_arm82_msg,Firepower,0.82;0.442911;0.721762,0;0;0,1,0;0;0,0;-0.221455;0,0;0;90,auto_ok,
nova_fire_ss0_arm83_amg,Firepower,0.457869;0.82;0.34657,0;0;0,1,0;0;0,0;-0.41;0,0;0;90,auto_ok,
nova_fire_ss0_arm84_skoob,Firepower,0.297222;0.125942;0.82,0;0;0,1,0;0;0,0;-0.062971;0,0;0;90,auto_ok,
nova_fire_ss0_arm85_sppoo,Firepower,0.296071;0.206833;0.82,0;0;0,1,0;0;0,0;-0.103417;0,0;0;90,auto_ok,
nova_fire_ss0_arm86_hmsk,Firepower,0.650652;0.786251;0.82,0;0;0,1,0;0;0,0;-0.393125;0,0;0;90,auto_ok,
nova_fire_ss0_arm87_dbkr,Firepower,0.500034;0.712157;0.82,0;0;0,1,0;0;0,0;-0.356078;0,0;0;90,auto_ok,
nova_fire_ss0_arm88_orns,Firepower,0.82;0.813631;0.42413,0;0;0,1,0;0;0,0;-0.406815;0,0;0;90,auto_ok,
nova_fire_ss0_arm89_bnso,Firepower,0.606256;0.82;0.407336,0;0;0,1,0;0;0,0;-0.41;0,0;0;90,auto_ok,
nova_fire_ss0_arm90_skokr,Firepower,0.82;0.559294;0.516009,0;0;0,1,0;0;0,0;-0.279647;0,0;0;90,auto_ok,
nova_fire_ss0_arm91_snop,Firepower,0.741567;0.768208;0.82,0;0;0,1,0;0;0,0;-0.384104;0,0;0;90,auto_ok,
nova_fire_ss0_arm92_ons,Firepower,0.633214;0.534887;0.82,0;0;0,1,0;0;0,0;-0.267443;0,0;0;90,auto_ok,
nova_fire_top,Firepower,0.750903;0.230573;0.82,0;0;0,1,0;0;0,0;-0.115287;0,0;0;90,auto_ok,
nova_fire_top_06508a33,Firepower,0.411864;0.376097;0.82,0;0;0,1,0;0;0,0;-0.188049;0,0;0;90,auto_ok,
nova_fire_top_547935c6,Firepower,0.82;0.339859;0.728971,0;0;0,1,0;0;0,0;-0.169929;0,0;0;90,auto_ok,
nova_fire_top_5524fda7,Firepower,0.750903;0.230573;0.82,0;0;0,1,0;0;0,0;-0.115287;0,0;0;90,auto_ok,
nova_fire_top_a719d636,Firepower,0.411864;0.376097;0.82,0;0;0,1,0;0;0,0;-0.188049;0,0;0;90,auto_ok,
nova_fire_top_ff856aa4,Firepower,0.82;0.339859;0.728971,0;0;0,1,0;0;0,0;-0.169929;0,0;0;90,auto_ok,
nova_frame_0,Frame,0.246851;0.457911;0.95,0;0;0,1,0;0;0,0;0.228955;0,0;0;0,auto_ok,
nova_frame_0_92d68f03,Frame,0.246851;0.457911;0.95,0;0;0,1,0;0;0,0;0.228955;0,0;0;0,auto_ok,
nova_frame_a_allinone,Frame,0.934844;0.95;0.509804,0;0;0,1,0;0;0,0;0.475;0,0;0;0,auto_ok,
nova_frame_all,Frame,0.95;0.919108;0.39857,0;0;0,1,0;0;0,0;0.459554;0,0;0;0,auto_ok,
nova_frame_b0001,Frame,0.714164;0.701376;0.95,0;0;0,1,0;0;0,0;0.350688;0,0;0;0,auto_ok,
nova_frame_b0002,Frame,0.246851;0.457911;0.95,0;0;0,1,0;0;0,0;0.228955;0,0;0;0,auto_ok,
nova_frame_b0003,Frame,0.714164;0.701376;0.95,0;0;0,1,0;0;0,0;0.350688;0,0;0;0,auto_ok,
nova_frame_b0004,Frame,0.246851;0.457911;0.95,0;0;0,1,0;0;0,0;0.228955;0,0;0;0,auto_ok,
nova_frame_b0005,Frame,0.714164;0.701376;0.95,0;0;0,1,0;0;0,0;0.350688;0,0;0;0,auto_ok,
nova_frame_b0006,Frame,0.246851;0.457911;0.95,0;0;0,1,0;0;0,0;0.228955;0,0;0;0,auto_ok,
nova_frame_b0007,Frame,0.714164;0.701376;0.95,0;0;0,1,0;0;0,0;0.350688;0,0;0;0,auto_ok,
nova_frame_b0008,Frame,0.246851;0.457911;0.95,0;0;0,1,0;0;0,0;0.228955;0,0;0;0,auto_ok,
nova_frame_b0009,Frame,0.714164;0.701376;0.95,0;0;0,1,0;0;0,0;0.350688;0,0;0;0,auto_ok,
nova_frame_b0010,Frame,0.246851;0.457911;0.95,0;0;0,1,0;0;0,0;0.228955;0,0;0;0,auto_ok,
nova_frame_base_lab,Frame,0.95;0.467535;0.544267,0;0;0,1,0;0;0,0;0.233768;0,0;0;0,auto_ok,
nova_frame_base_overwork,Frame,0.376661;0.95;0,0;0;0,1,0;0;0,0;0.475;0,0;0;0,needs_review_flat,min/max ratio 0 is below 0.04
nova_frame_base1,Frame,0.333844;0.352913;0.95,0;0;0,1,0;0;0,0;0.176456;0,0;0;0,auto_ok,
nova_frame_base2,Frame,0.714164;0.701376;0.95,0;0;0,1,0;0;0,0;0.350688;0,0;0;0,auto_ok,
nova_frame_base3,Frame,0.246851;0.457911;0.95,0;0;0,1,0;0;0,0;0.228955;0,0;0;0,auto_ok,
nova_frame_base4,Frame,0.714164;0.701376;0.95,0;0;0,1,0;0;0,0;0.350688;0,0;0;0,auto_ok,
nova_frame_basebasic,Frame,0.927314;0.247737;0.95,0;0;0,1,0;0;0,0;0.123869;0,0;0;0,auto_ok,
nova_frame_baseshop,Frame,0.892997;0.851758;0.95,0;0;0,1,0;0;0,0;0.425879;0,0;0;0,auto_ok,
nova_frame_d_allinone,Frame,0.934844;0.95;0.509804,0;0;0,1,0;0;0,0;0.475;0,0;0;0,auto_ok,
nova_frame_review,Frame,0.653746;0.386815;0.95,0;0;0,1,0;0;0,0;0.193408;0,0;0;0,auto_ok,
nova_frame_review_212e1e7a,Frame,0.463603;0.95;0.406749,0;0;0,1,0;0;0,0;0.475;0,0;0;0,auto_ok,
nova_frame_s_allinone,Frame,0.934844;0.95;0.509804,0;0;0,1,0;0;0,0;0.475;0,0;0;0,auto_ok,
nova_frame_ss0_base5,Frame,0.815182;0.95;0.5059,0;0;0,1,0;0;0,0;0.475;0,0;0;0,auto_ok,
nova_frame_ss0_base6,Frame,0.576868;0.95;0.538632,0;0;0,1,0;0;0,0;0.475;0,0;0;0,auto_ok,
nova_frame_body1_sz,Frame,0.876114;0.345364;0.95,0;0;0,1,0;0;0,0;0.172682;0,0;0;0,auto_ok,
nova_frame_body10_skdr,Frame,0.364501;0.47865;0.95,0;0;0,1,0;0;0,0;0.239325;0,0;0;0,auto_ok,
nova_frame_body101,Frame,0.527991;0.95;0.482099,0;0;0,1,0;0;0,0;0.475;0,0;0;0,auto_ok,
nova_frame_body11_kn,Frame,0.585586;0.359196;0.95,0;0;0,1,0;0;0,0;0.179598;0,0;0;0,auto_ok,
nova_frame_body114,Frame,0.95;0.335311;0.674778,0;0;0,1,0;0;0,0;0.167656;0,0;0;0,auto_ok,
nova_frame_body12_kt,Frame,0.67223;0.452187;0.95,0;0;0,1,0;0;0,0;0.226093;0,0;0;0,auto_ok,
nova_frame_body13_scro,Frame,0.645188;0.49074;0.95,0;0;0,1,0;0;0,0;0.24537;0,0;0;0,auto_ok,
nova_frame_body14_trb,Frame,0.633668;0.312005;0.95,0;0;0,1,0;0;0,0;0.156002;0,0;0;0,auto_ok,
nova_frame_body15_znr,Frame,0.40945;0.321163;0.95,0;0;0,1,0;0;0,0;0.160582;0,0;0;0,auto_ok,
nova_frame_body16_kmdo,Frame,0.497604;0.335387;0.95,0;0;0,1,0;0;0,0;0.167694;0,0;0;0,auto_ok,
nova_frame_body17_rzmt,Frame,0.325771;0.561811;0.95,0;0;0,1,0;0;0,0;0.280906;0,0;0;0,auto_ok,
nova_frame_body18_brgod,Frame,0.219698;0.475525;0.95,0;0;0,1,0;0;0,0;0.237763;0,0;0;0,auto_ok,
nova_frame_body19_spd,Frame,0.584693;0.362194;0.95,0;0;0,1,0;0;0,0;0.181097;0,0;0;0,auto_ok,
nova_frame_body2_prt,Frame,0.349564;0.439669;0.95,0;0;0,1,0;0;0,0;0.219834;0,0;0;0,auto_ok,
nova_frame_body20_prsd,Frame,0.540262;0.47976;0.95,0;0;0,1,0;0;0,0;0.23988;0,0;0;0,auto_ok,
nova_frame_body21_rzo,Frame,0.186441;0.556711;0.95,0;0;0,1,0;0;0,0;0.278356;0,0;0;0,auto_ok,
nova_frame_body22_kdd,Frame,0.818827;0.414382;0.95,0;0;0,1,0;0;0,0;0.207191;0,0;0;0,auto_ok,
nova_frame_body23_ms,Frame,0.782625;0.282042;0.95,0;0;0,1,0;0;0,0;0.141021;0,0;0;0,auto_ok,
nova_frame_body24_grbs,Frame,0.864138;0.363548;0.95,0;0;0,1,0;0;0,0;0.181774;0,0;0;0,auto_ok,
nova_frame_body25_bosro,Frame,0.492625;0.391094;0.95,0;0;0,1,0;0;0,0;0.195547;0,0;0;0,auto_ok,
nova_frame_body26_kp,Frame,0.189531;0.479922;0.95,0;0;0,1,0;0;0,0;0.239961;0,0;0;0,auto_ok,
nova_frame_body27_zns,Frame,0.738268;0.371462;0.95,0;0;0,1,0;0;0,0;0.185731;0,0;0;0,auto_ok,
nova_frame_body28_kp2,Frame,0.180075;0.440601;0.95,0;0;0,1,0;0;0,0;0.220301;0,0;0;0,auto_ok,
nova_frame_body29_onms,Frame,0.95;0.471442;0.84121,0;0;0,1,0;0;0,0;0.235721;0,0;0;0,auto_ok,
nova_frame_body3_bgd,Frame,0.461504;0.330505;0.95,0;0;0,1,0;0;0,0;0.165252;0,0;0;0,auto_ok,
nova_frame_body30_ozs,Frame,0.421662;0.493835;0.95,0;0;0,1,0;0;0,0;0.246917;0,0;0;0,auto_ok,
nova_frame_body31_poms,Frame,0.520855;0.495971;0.95,0;0;0,1,0;0;0,0;0.247986;0,0;0;0,auto_ok,
nova_frame_body32_brps,Frame,0.789084;0.44607;0.95,0;0;0,1,0;0;0,0;0.223035;0,0;0;0,auto_ok,
nova_frame_body33_hmt,Frame,0.95;0.197195;0.918234,0;0;0,1,0;0;0,0;0.098597;0,0;0;0,auto_ok,
nova_frame_body34_xxx,Frame,0.707644;0.409858;0.95,0;0;0,1,0;0;0,0;0.204929;0,0;0;0,auto_ok,
nova_frame_body35_trbn,Frame,0.654009;0.314144;0.95,0;0;0,1,0;0;0,0;0.157072;0,0;0;0,auto_ok,
nova_frame_body36_rzn,Frame,0.180874;0.370194;0.95,0;0;0,1,0;0;0,0;0.185097;0,0;0;0,auto_ok,
nova_frame_body37_ktn,Frame,0.479089;0.354813;0.95,0;0;0,1,0;0;0,0;0.177407;0,0;0;0,auto_ok,
nova_frame_body38_qrso,Frame,0.505424;0.392946;0.95,0;0;0,1,0;0;0,0;0.196473;0,0;0;0,auto_ok,
nova_frame_body4_kpr,Frame,0.407048;0.350161;0.95,0;0;0,1,0;0;0,0;0.175081;0,0;0;0,auto_ok,
nova_frame_body5_skms,Frame,0.550222;0.536854;0.95,0;0;0,1,0;0;0,0;0.268427;0,0;0;0,auto_ok,
nova_frame_body51_pomsx,Frame,0.324362;0.95;0.080762,0;0;0,1,0;0;0,0;0.475;0,0;0;0,auto_ok,
nova_frame_body52_onmsx,Frame,0.595567;0.95;0.138677,0;0;0,1,0;0;0,0;0.475;0,0;0;0,auto_ok,
nova_frame_body53_ozsx,Frame,0.66584;0.95;0.213507,0;0;0,1,0;0;0,0;0.475;0,0;0;0,auto_ok,
nova_frame_body54_ooto,Frame,0.350862;0.507741;0.95,0;0;0,1,0;0;0,0;0.25387;0,0;0;0,auto_ok,
nova_frame_body55_sqk,Frame,0.2547;0.276073;0.95,0;0;0,1,0;0;0,0;0.138037;0,0;0;0,auto_ok,
nova_frame_body56_brk,Frame,0.348219;0.460887;0.95,0;0;0,1,0;0;0,0;0.230444;0,0;0;0,auto_ok,
nova_frame_body57_kpk,Frame,0.95;0.31511;0.233299,0;0;0,1,0;0;0,0;0.157555;0,0;0;0,auto_ok,
nova_frame_body58_scrs,Frame,0.95;0.60892;0.493758,0;0;0,1,0;0;0,0;0.30446;0,0;0;0,auto_ok,
nova_frame_body59_hrot,Frame,0.25857;0.372917;0.95,0;0;0,1,0;0;0,0;0.186459;0,0;0;0,auto_ok,
nova_frame_body6_skd,Frame,0.228811;0.455369;0.95,0;0;0,1,0;0;0,0;0.227685;0,0;0;0,auto_ok,
nova_frame_body60_optr,Frame,0.86656;0.95;0.559692,0;0;0,1,0;0;0,0;0.475;0,0;0;0,auto_ok,
nova_frame_body61_bsk,Frame,0.4043;0.465721;0.95,0;0;0,1,0;0;0,0;0.232861;0,0;0;0,auto_ok,
nova_frame_body62_cmd,Frame,0.95;0.445883;0.675368,0;0;0,1,0;0;0,0;0.222942;0,0;0;0,auto_ok,
nova_frame_body63_vts,Frame,0.95;0.28368;0.805161,0;0;0,1,0;0;0,0;0.14184;0,0;0;0,auto_ok,
nova_frame_body7_mops,Frame,0.725384;0.365086;0.95,0;0;0,1,0;0;0,0;0.182543;0,0;0;0,auto_ok,
nova_frame_body8_brc,Frame,0.627545;0.425341;0.95,0;0;0,1,0;0;0,0;0.21267;0,0;0;0,auto_ok,
nova_frame_body9_btro,Frame,0.239537;0.454781;0.95,0;0;0,1,0;0;0,0;0.227391;0,0;0;0,auto_ok,
nova_frame_g_body66_brk,Frame,0.348219;0.460887;0.95,0;0;0,1,0;0;0,0;0.230444;0,0;0;0,auto_ok,
nova_frame_g_body67_ktn,Frame,0.479089;0.354813;0.95,0;0;0,1,0;0;0,0;0.177407;0,0;0;0,auto_ok,
nova_frame_g_body68_vts,Frame,0.95;0.28368;0.805161,0;0;0,1,0;0;0,0;0.14184;0,0;0;0,auto_ok,
nova_frame_g_body69_kpk,Frame,0.95;0.31511;0.233299,0;0;0,1,0;0;0,0;0.157555;0,0;0;0,auto_ok,
nova_frame_n_body39_brgod,Frame,0.219698;0.475525;0.95,0;0;0,1,0;0;0,0;0.237763;0,0;0;0,auto_ok,
nova_frame_n_body40_zns,Frame,0.738268;0.371462;0.95,0;0;0,1,0;0;0,0;0.185731;0,0;0;0,auto_ok,
nova_frame_n_body41_kmdo,Frame,0.497604;0.335387;0.95,0;0;0,1,0;0;0,0;0.167694;0,0;0;0,auto_ok,
nova_frame_n_body42_kdd,Frame,0.818827;0.414382;0.95,0;0;0,1,0;0;0,0;0.207191;0,0;0;0,auto_ok,
nova_frame_n_body43_prt,Frame,0.349564;0.439669;0.95,0;0;0,1,0;0;0,0;0.219834;0,0;0;0,auto_ok,
nova_frame_n_body44_brps,Frame,0.789084;0.44607;0.95,0;0;0,1,0;0;0,0;0.223035;0,0;0;0,auto_ok,
nova_frame_n_body45_scro,Frame,0.645188;0.49074;0.95,0;0;0,1,0;0;0,0;0.24537;0,0;0;0,auto_ok,
nova_frame_n_body46_spd,Frame,0.584693;0.362194;0.95,0;0;0,1,0;0;0,0;0.181097;0,0;0;0,auto_ok,
nova_frame_n_body47_kp,Frame,0.189531;0.479922;0.95,0;0;0,1,0;0;0,0;0.239961;0,0;0;0,auto_ok,
nova_frame_n_body48_grbs,Frame,0.864138;0.363548;0.95,0;0;0,1,0;0;0,0;0.181774;0,0;0;0,auto_ok,
nova_frame_n_body49_rzmt,Frame,0.325771;0.561811;0.95,0;0;0,1,0;0;0,0;0.280906;0,0;0;0,auto_ok,
nova_frame_n_body50_bgd,Frame,0.461504;0.330505;0.95,0;0;0,1,0;0;0,0;0.165252;0,0;0;0,auto_ok,
nova_frame_no21_body,Frame,0.321503;0.455588;0.95,0;0;0,1,0;0;0,0;0.227794;0,0;0;0,auto_ok,
nova_frame_ss0_body64_prt,Frame,0.95;0.843563;0.775161,0;0;0,1,0;0;0,0;0.421782;0,0;0;0,auto_ok,
nova_frame_ss0_body65_brk,Frame,0.391365;0.259525;0.95,0;0;0,1,0;0;0,0;0.129763;0,0;0;0,auto_ok,
nova_mob_g_legs35_prg,Mobility,0.818995;0.261636;0.9,0;0;0,1,0;0;0,0;0.130818;0,0;0;0,auto_ok,
nova_mob_g_legs36_oprd,Mobility,0.468298;0.294966;0.9,0;0;0,1,0;0;0,0;0.147483;0,0;0;0,auto_ok,
nova_mob_g_legs37_sts,Mobility,0.489335;0.577601;0.9,0;0;0,1,0;0;0,0;0.2888;0,0;0;0,auto_ok,
nova_mob_g_legs57_ppo,Mobility,0.498737;0.252517;0.9,0;0;0,1,0;0;0,0;0.126258;0,0;0;0,auto_ok,
nova_mob_g_legs58_pps,Mobility,0.898676;0.9;0.883578,0;0;0,1,0;0;0,0;0.45;0,0;0;0,auto_ok,
nova_mob_g_legs59_hb,Mobility,0.817124;0.500094;0.9,0;0;0,1,0;0;0,0;0.250047;0,0;0;0,auto_ok,
nova_mob_g_legs60_hord,Mobility,0.473003;0.9;0.72462,0;0;0,1,0;0;0,0;0.45;0,0;0;0,auto_ok,
nova_mob_legs1_rdrn,Mobility,0.260403;0.245853;0.9,0;0;0,1,0;0;0,0;0.122926;0,0;0;0,auto_ok,
nova_mob_legs10_prg,Mobility,0.818995;0.261636;0.9,0;0;0,1,0;0;0,0;0.130818;0,0;0;0,auto_ok,
nova_mob_legs11_strod,Mobility,0.827211;0.572855;0.9,0;0;0,1,0;0;0,0;0.286427;0,0;0;0,auto_ok,
nova_mob_legs112,Mobility,0.9;0.262818;0.884622,0;0;0,1,0;0;0,0;0.131409;0,0;0;0,auto_ok,
nova_mob_legs12_kb,Mobility,0.446316;0.193596;0.9,0;0;0,1,0;0;0,0;0.096798;0,0;0;0,auto_ok,
nova_mob_legs13_krz,Mobility,0.81058;0.656502;0.9,0;0;0,1,0;0;0,0;0.328251;0,0;0;0,auto_ok,
nova_mob_legs14_grp,Mobility,0.61344;0.9;0.619219,0;0;0,1,0;0;0,0;0.45;0,0;0;0,auto_ok,
nova_mob_legs15_krr,Mobility,0.432959;0.5503;0.9,0;0;0,1,0;0;0,0;0.27515;0,0;0;0,auto_ok,
nova_mob_legs16_sprt,Mobility,0.440292;0.9;0.598258,0;0;0,1,0;0;0,0;0.45;0,0;0;0,auto_ok,
nova_mob_legs17_oprd,Mobility,0.468298;0.294966;0.9,0;0;0,1,0;0;0,0;0.147483;0,0;0;0,auto_ok,
nova_mob_legs18_hord,Mobility,0.473003;0.9;0.72462,0;0;0,1,0;0;0,0;0.45;0,0;0;0,auto_ok,
nova_mob_legs19_tower,Mobility,0.465334;0.350724;0.9,0;0;0,1,0;0;0,0;0.175362;0,0;0;0,auto_ok,
nova_mob_legs2_tdr,Mobility,0.490567;0.9;0.774445,0;0;0,1,0;0;0,0;0.45;0,0;0;0,auto_ok,
nova_mob_legs20_spod,Mobility,0.558929;0.683336;0.9,0;0;0,1,0;0;0,0;0.341668;0,0;0;0,auto_ok,
nova_mob_legs21_ksor,Mobility,0.324757;0.312846;0.9,0;0;0,1,0;0;0,0;0.156423;0,0;0;0,auto_ok,
nova_mob_legs23_tk,Mobility,0.357852;0.658617;0.9,0;0;0,1,0;0;0,0;0.329309;0,0;0;0,auto_ok,
nova_mob_legs24_sts,Mobility,0.489335;0.577601;0.9,0;0;0,1,0;0;0,0;0.2888;0,0;0;0,auto_ok,
nova_mob_legs25_kd,Mobility,0.32803;0.338261;0.9,0;0;0,1,0;0;0,0;0.169131;0,0;0;0,auto_ok,
nova_mob_legs26_tower,Mobility,0.584221;0.349867;0.9,0;0;0,1,0;0;0,0;0.174933;0,0;0;0,auto_ok,
nova_mob_legs3_ktpr,Mobility,0.2413;0.468897;0.9,0;0;0,1,0;0;0,0;0.234449;0,0;0;0,auto_ok,
nova_mob_legs34_dpns,Mobility,0.463725;0.549831;0.9,0;0;0,1,0;0;0,0;0.274915;0,0;0;0,auto_ok,
nova_mob_legs4_kt,Mobility,0.756582;0.68849;0.9,0;0;0,1,0;0;0,0;0.344245;0,0;0;0,auto_ok,
nova_mob_legs47_tower2,Mobility,0.9;0.754709;0.641349,0;0;0,1,0;0;0,0;0.377354;0,0;0;0,auto_ok,
nova_mob_legs48_tower2,Mobility,0.211764;0.529415;0.9,0;0;0,1,0;0;0,0;0.264707;0,0;0;0,auto_ok,
nova_mob_legs49_otrs,Mobility,0.261832;0.820373;0.9,0;0;0,1,0;0;0,0;0.410187;0,0;0;0,auto_ok,
nova_mob_legs5_ko,Mobility,0.298082;0.206668;0.9,0;0;0,1,0;0;0,0;0.103334;0,0;0;0,auto_ok,
nova_mob_legs50_pps,Mobility,0.898676;0.9;0.883578,0;0;0,1,0;0;0,0;0.45;0,0;0;0,auto_ok,
nova_mob_legs51_ppo,Mobility,0.498737;0.252517;0.9,0;0;0,1,0;0;0,0;0.126258;0,0;0;0,auto_ok,
nova_mob_legs52_pkk,Mobility,0.268166;0.315053;0.9,0;0;0,1,0;0;0,0;0.157526;0,0;0;0,auto_ok,
nova_mob_legs53_rgd,Mobility,0.580997;0.279058;0.9,0;0;0,1,0;0;0,0;0.139529;0,0;0;0,auto_ok,
nova_mob_legs54_ros,Mobility,0.498514;0.829311;0.9,0;0;0,1,0;0;0,0;0.414655;0,0;0;0,auto_ok,
nova_mob_legs6_ok,Mobility,0.497436;0.9;0.543431,0;0;0,1,0;0;0,0;0.45;0,0;0;0,auto_ok,
nova_mob_legs7_hb,Mobility,0.817124;0.500094;0.9,0;0;0,1,0;0;0,0;0.250047;0,0;0;0,auto_ok,
nova_mob_legs8_obr,Mobility,0.649543;0.642258;0.9,0;0;0,1,0;0;0,0;0.321129;0,0;0;0,auto_ok,
nova_mob_legs9_ptr,Mobility,0.88951;0.217831;0.9,0;0;0,1,0;0;0,0;0.108916;0,0;0;0,auto_ok,
nova_mob_n_legs38_grp,Mobility,0.61344;0.9;0.619219,0;0;0,1,0;0;0,0;0.45;0,0;0;0,auto_ok,
nova_mob_n_legs39_wk,Mobility,0.497436;0.9;0.543431,0;0;0,1,0;0;0,0;0.45;0,0;0;0,auto_ok,
nova_mob_n_legs40_krz,Mobility,0.81058;0.656502;0.9,0;0;0,1,0;0;0,0;0.328251;0,0;0;0,auto_ok,
nova_mob_n_legs41_tdr,Mobility,0.490567;0.9;0.774445,0;0;0,1,0;0;0,0;0.45;0,0;0;0,auto_ok,
nova_mob_n_legs42_krr,Mobility,0.432959;0.5503;0.9,0;0;0,1,0;0;0,0;0.27515;0,0;0;0,auto_ok,
nova_mob_n_legs43_ptr,Mobility,0.88951;0.217831;0.9,0;0;0,1,0;0;0,0;0.108916;0,0;0;0,auto_ok,
nova_mob_n_legs44_hord,Mobility,0.473003;0.9;0.72462,0;0;0,1,0;0;0,0;0.45;0,0;0;0,auto_ok,
nova_mob_n_legs45_strod,Mobility,0.827211;0.572855;0.9,0;0;0,1,0;0;0,0;0.286427;0,0;0;0,auto_ok,
nova_mob_n_legs46_sprt,Mobility,0.440292;0.9;0.598258,0;0;0,1,0;0;0,0;0.45;0,0;0;0,auto_ok,
nova_mob_no21_legs,Mobility,0.649174;0.896491;0.9,0;0;0,1,0;0;0,0;0.448245;0,0;0;0,auto_ok,
nova_mob_s_legs27_ksor,Mobility,0.324757;0.312846;0.9,0;0;0,1,0;0;0,0;0.156423;0,0;0;0,auto_ok,
nova_mob_s_legs28_krz,Mobility,0.81058;0.656502;0.9,0;0;0,1,0;0;0,0;0.328251;0,0;0;0,auto_ok,
nova_mob_s_legs29_sprt,Mobility,0.440292;0.9;0.598258,0;0;0,1,0;0;0,0;0.45;0,0;0;0,auto_ok,
nova_mob_s_legs30_tk,Mobility,0.357852;0.658617;0.9,0;0;0,1,0;0;0,0;0.329309;0,0;0;0,auto_ok,
nova_mob_s_legs31_ko,Mobility,0.298082;0.206668;0.9,0;0;0,1,0;0;0,0;0.103334;0,0;0;0,auto_ok,
nova_mob_s_legs32_kb,Mobility,0.446316;0.193596;0.9,0;0;0,1,0;0;0,0;0.096798;0,0;0;0,auto_ok,
nova_mob_s_legs33_spod,Mobility,0.558929;0.683336;0.9,0;0;0,1,0;0;0,0;0.341668;0,0;0;0,auto_ok,
nova_mob_ss0_legs55_krz,Mobility,0.875151;0.197615;0.9,0;0;0,1,0;0;0,0;0.098807;0,0;0;0,auto_ok,
nova_mob_ss0_legs56_otrs,Mobility,0.733007;0.492976;0.9,0;0;0,1,0;0;0,0;0.246488;0,0;0;0,auto_ok,
