"partId","slot","category","xfiHeader","xfiHeaderKind","originalNameKr","primarySocketName","currentSocketOffset","proposedSocketOffset","currentSocketEuler","proposedSocketEuler","normalizedScale","xfiTransformCount","xfiDirectionRangeCount","qualityFlag","reviewReason","source_relative_path"
"nova_fire_01_larm_a60b1435","Firepower","UnitParts/ArmWeapons","larm|0","named_attach_slot","","","0;-0.328862;0","","0;0;90","0;0;90","1","0","2","xfi_reference_only","XFI parsed but no direct single-field alignment mapping is proven.","datan\common\지대지공01_LArm.GX"
"nova_fire_01_larm_b07ca42b","Firepower","UnitParts/ArmWeapons","larm|0","named_attach_slot","","","0;-0.41;0","","0;0;90","0;0;90","1","0","2","xfi_reference_only","XFI parsed but no direct single-field alignment mapping is proven.","datan\common\��������01_LArm.GX"
"nova_fire_01_larm_ba64d7e9","Firepower","UnitParts/ArmWeapons","larm|0","named_attach_slot","","","0;-0.41;0","","0;0;90","0;0;90","1","0","2","xfi_reference_only","XFI parsed but no direct single-field alignment mapping is proven.","datan\common\지대공01_LArm.GX"
"nova_fire_01_larm_fb67c0f6","Firepower","UnitParts/ArmWeapons","larm|0","named_attach_slot","","","0;-0.061563;0","","0;0;90","0;0;90","1","0","2","xfi_reference_only","XFI parsed but no direct single-field alignment mapping is proven.","datan\common\지대지01_LArm.GX"
"nova_fire_01_rarm_78f1d508","Firepower","UnitParts/ArmWeapons","rarm|0","named_attach_slot","","","0;-0.061563;0","","0;0;90","0;0;90","1","0","2","xfi_reference_only","XFI parsed but no direct single-field alignment mapping is proven.","datan\common\지대지01_RArm.GX"
"nova_fire_01_rarm_9ba136d9","Firepower","UnitParts/ArmWeapons","rarm|0","named_attach_slot","","","0;-0.41;0","","0;0;90","0;0;90","1","0","2","xfi_reference_only","XFI parsed but no direct single-field alignment mapping is proven.","datan\common\지대공01_RArm.GX"
"nova_fire_01_rarm_ae65717f","Firepower","UnitParts/ArmWeapons","rarm|0","named_attach_slot","","","0;-0.328862;0","","0;0;90","0;0;90","1","0","2","xfi_reference_only","XFI parsed but no direct single-field alignment mapping is proven.","datan\common\지대지공01_RArm.GX"
"nova_fire_01_rarm_cefde3b6","Firepower","UnitParts/ArmWeapons","rarm|0","named_attach_slot","","","0;-0.41;0","","0;0;90","0;0;90","1","0","2","xfi_reference_only","XFI parsed but no direct single-field alignment mapping is proven.","datan\common\��������01_RArm.GX"
"nova_fire_02_larm_37321bd3","Firepower","UnitParts/ArmWeapons","larm|0","named_attach_slot","","","0;-0.298825;0","","0;0;90","0;0;90","1","0","2","xfi_reference_only","XFI parsed but no direct single-field alignment mapping is proven.","datan\common\지대공02_LArm.GX"
"nova_fire_02_larm_977dfdc1","Firepower","UnitParts/ArmWeapons","larm|0","named_attach_slot","","","0;-0.41;0","","0;0;90","0;0;90","1","0","2","xfi_reference_only","XFI parsed but no direct single-field alignment mapping is proven.","datan\common\지대지공02_LArm.GX"
"nova_fire_02_larm_97fa2bd5","Firepower","UnitParts/ArmWeapons","larm|0","named_attach_slot","","","0;-0.24828;0","","0;0;90","0;0;90","1","0","2","xfi_reference_only","XFI parsed but no direct single-field alignment mapping is proven.","datan\common\지대지02_LArm.GX"
"nova_fire_02_larm_b6fa80c6","Firepower","UnitParts/ArmWeapons","larm|0","named_attach_slot","","","0;-0.41;0","","0;0;90","0;0;90","1","0","2","xfi_reference_only","XFI parsed but no direct single-field alignment mapping is proven.","datan\common\��������02_LArm.GX"
"nova_fire_02_rarm_55b5d821","Firepower","UnitParts/ArmWeapons","rarm|0","named_attach_slot","","","0;-0.24828;0","","0;0;90","0;0;90","1","0","2","xfi_reference_only","XFI parsed but no direct single-field alignment mapping is proven.","datan\common\지대지02_RArm.GX"
"nova_fire_02_rarm_94889939","Firepower","UnitParts/ArmWeapons","rarm|0","named_attach_slot","","","0;-0.41;0","","0;0;90","0;0;90","1","0","2","xfi_reference_only","XFI parsed but no direct single-field alignment mapping is proven.","datan\common\��������02_RArm.GX"
"nova_fire_02_rarm_967e17ca","Firepower","UnitParts/ArmWeapons","rarm|0","named_attach_slot","","","0;-0.298825;0","","0;0;90","0;0;90","1","0","2","xfi_reference_only","XFI parsed but no direct single-field alignment mapping is proven.","datan\common\지대공02_RArm.GX"
"nova_fire_02_rarm_c5fb8c37","Firepower","UnitParts/ArmWeapons","rarm|0","named_attach_slot","","","0;-0.41;0","","0;0;90","0;0;90","1","0","2","xfi_reference_only","XFI parsed but no direct single-field alignment mapping is proven.","datan\common\지대지공02_RArm.GX"
"nova_fire_1_lback","Firepower","UnitParts/ArmWeapons","lshd|1","named_attach_slot","","lshd|1","0;-0.222831;0","0.786781;0.200079;-1.142331","0;0;90","0;0;90","1","1","4","xfi_named_attach_socket_candidate","Named firepower XFI exposes an explicit attach slot and transform.","datan\common\ȣ��1_LBack.GX"
"nova_fire_1_lback_86755cc5","Firepower","UnitParts/ArmWeapons","lshd|1","named_attach_slot","","lshd|1","0;-0.222831;0","0.786781;0.200079;-1.142331","0;0;90","0;0;90","1","1","4","xfi_named_attach_socket_candidate","Named firepower XFI exposes an explicit attach slot and transform.","datan\common\호버1_LBack.GX"
"nova_fire_1_rback","Firepower","UnitParts/ArmWeapons","rshd|1","named_attach_slot","","rshd|1","0;-0.222831;0","-0.786781;0.200079;-1.142331","0;0;90","0;0;90","1","1","4","xfi_named_attach_socket_candidate","Named firepower XFI exposes an explicit attach slot and transform.","datan\common\ȣ��1_RBack.GX"
"nova_fire_1_rback_fddbd3e1","Firepower","UnitParts/ArmWeapons","rshd|1","named_attach_slot","","rshd|1","0;-0.222831;0","-0.786781;0.200079;-1.142331","0;0;90","0;0;90","1","1","4","xfi_named_attach_socket_candidate","Named firepower XFI exposes an explicit attach slot and transform.","datan\common\호버1_RBack.GX"
"nova_fire_2_lback","Firepower","UnitParts/ArmWeapons","lshd|1","named_attach_slot","","lshd|1","0;-0.33405;0","1.216028;0.185198;-0.950507","0;0;90","0;0;90","1","1","4","xfi_named_attach_socket_candidate","Named firepower XFI exposes an explicit attach slot and transform.","datan\common\ȣ��2_LBack.GX"
"nova_fire_2_lback_1a3908fc","Firepower","UnitParts/ArmWeapons","lshd|1","named_attach_slot","","lshd|1","0;-0.33405;0","1.216028;0.185198;-0.950507","0;0;90","0;0;90","1","1","4","xfi_named_attach_socket_candidate","Named firepower XFI exposes an explicit attach slot and transform.","datan\common\호버2_LBack.GX"
"nova_fire_2_rback","Firepower","UnitParts/ArmWeapons","rshd|1","named_attach_slot","","rshd|1","0;-0.33405;0","-1.216026;0.185198;-0.950507","0;0;90","0;0;90","1","1","4","xfi_named_attach_socket_candidate","Named firepower XFI exposes an explicit attach slot and transform.","datan\common\ȣ��2_RBack.GX"
"nova_fire_2_rback_31cd6d75","Firepower","UnitParts/ArmWeapons","rshd|1","named_attach_slot","","rshd|1","0;-0.33405;0","-1.216026;0.185198;-0.950507","0;0;90","0;0;90","1","1","4","xfi_named_attach_socket_candidate","Named firepower XFI exposes an explicit attach slot and transform.","datan\common\호버2_RBack.GX"
"nova_fire_arm1_sz","Firepower","UnitParts/ArmWeapons","4","numeric_slot_code","시즈","weapon.direction","0;-0.070561;0","","0;0;90","0;0;90","1","0","7","xfi_weapon_direction_only","Weapon XFI carries direction ranges but no transform matrix; preserve metadata without promoting a runtime attach offset.","datan\common\arm1_sz.gx"
"nova_fire_arm10_broz","Firepower","UnitParts/ArmWeapons","4","numeric_slot_code","블레이즈","weapon.direction","0;-0.220684;0","","0;0;90","0;0;90","1","0","7","xfi_weapon_direction_only","Weapon XFI carries direction ranges but no transform matrix; preserve metadata without promoting a runtime attach offset.","datan\common\arm10_broz.gx"
"nova_fire_arm11_poms","Firepower","UnitParts/ArmWeapons","4","numeric_slot_code","파워맥스","weapon.direction","0;-0.135268;0","","0;0;90","0;0;90","1","0","7","xfi_weapon_direction_only","Weapon XFI carries direction ranges but no transform matrix; preserve metadata without promoting a runtime attach offset.","datan\common\arm11_poms.gx"
"nova_fire_arm12_onms","Firepower","UnitParts/ArmWeapons","4","numeric_slot_code","에너맥스","weapon.direction","0;-0.132956;0","","0;0;90","0;0;90","1","0","7","xfi_weapon_direction_only","Weapon XFI carries direction ranges but no transform matrix; preserve metadata without promoting a runtime attach offset.","datan\common\arm12_onms.gx"
"nova_fire_arm13_prs","Firepower","UnitParts/ArmWeapons","4","numeric_slot_code","팔랑스","weapon.direction","0;-0.158914;0","","0;0;90","0;0;90","1","0","7","xfi_weapon_direction_only","Weapon XFI carries direction ranges but no transform matrix; preserve metadata without promoting a runtime attach offset.","datan\common\arm13_prs.gx"
"nova_fire_arm14_hbsz","Firepower","UnitParts/ArmWeapons","4","numeric_slot_code","","weapon.direction","0;-0.247951;0","","0;0;90","0;0;90","1","0","7","xfi_weapon_direction_only","Weapon XFI carries direction ranges but no transform matrix; preserve metadata without promoting a runtime attach offset.","datan\common\arm14_hbsz.gx"
"nova_fire_arm15_hdkn","Firepower","UnitParts/ArmWeapons","4","numeric_slot_code","핸드케넌","weapon.direction","0;-0.252822;0","","0;0;90","0;0;90","1","0","7","xfi_weapon_direction_only","Weapon XFI carries direction ranges but no transform matrix; preserve metadata without promoting a runtime attach offset.","datan\common\arm15_hdkn.gx"
"nova_fire_arm16_mgbr","Firepower","UnitParts/ArmWeapons","4","numeric_slot_code","","weapon.direction","0;-0.267123;0","","0;0;90","0;0;90","1","0","7","xfi_weapon_direction_only","Weapon XFI carries direction ranges but no transform matrix; preserve metadata without promoting a runtime attach offset.","datan\common\arm16_mgbr.gx"
"nova_fire_arm17_prrs","Firepower","UnitParts/ArmWeapons","4","numeric_slot_code","프롤릭스","weapon.direction","0;-0.188559;0","","0;0;90","0;0;90","1","0","7","xfi_weapon_direction_only","Weapon XFI carries direction ranges but no transform matrix; preserve metadata without promoting a runtime attach offset.","datan\common\arm17_prrs.gx"
"nova_fire_arm18_knst","Firepower","UnitParts/ArmWeapons","4","numeric_slot_code","캐니스터","weapon.direction","0;-0.229556;0","","0;0;90","0;0;90","1","0","7","xfi_weapon_direction_only","Weapon XFI carries direction ranges but no transform matrix; preserve metadata without promoting a runtime attach offset.","datan\common\arm18_knst.gx"
"nova_fire_arm19_roz","Firepower","UnitParts/ArmWeapons","4","numeric_slot_code","레이저","weapon.direction","0;-0.17739;0","","0;0;90","0;0;90","1","0","7","xfi_weapon_direction_only","Weapon XFI carries direction ranges but no transform matrix; preserve metadata without promoting a runtime attach offset.","datan\common\arm19_roz.gx"
"nova_fire_arm2_hbbr","Firepower","UnitParts/ArmWeapons","4","numeric_slot_code","","weapon.direction","0;-0.156532;0","","0;0;90","0;0;90","1","0","7","xfi_weapon_direction_only","Weapon XFI carries direction ranges but no transform matrix; preserve metadata without promoting a runtime attach offset.","datan\common\arm2_hbbr.gx"
"nova_fire_arm20_rkto","Firepower","UnitParts/ArmWeapons","4","numeric_slot_code","로켓티어","weapon.direction","0;-0.168588;0","","0;0;90","0;0;90","1","0","7","xfi_weapon_direction_only","Weapon XFI carries direction ranges but no transform matrix; preserve metadata without promoting a runtime attach offset.","datan\common\arm20_rkto.gx"
"nova_fire_arm21_nmsz","Firepower","UnitParts/ArmWeapons","4","numeric_slot_code","네메시즈","weapon.direction","0;-0.117551;0","","0;0;90","0;0;90","1","0","7","xfi_weapon_direction_only","Weapon XFI carries direction ranges but no transform matrix; preserve metadata without promoting a runtime attach offset.","datan\common\arm21_nmsz.gx"
"nova_fire_arm22_bsrsk","Firepower","UnitParts/ArmWeapons","4","numeric_slot_code","바실리스크","weapon.direction","0;-0.111587;0","","0;0;90","0;0;90","1","0","7","xfi_weapon_direction_only","Weapon XFI carries direction ranges but no transform matrix; preserve metadata without promoting a runtime attach offset.","datan\common\arm22_bsrsk.gx"
"nova_fire_arm23_rkog","Firepower","UnitParts/ArmWeapons","4","numeric_slot_code","리코일건","weapon.direction","0;-0.41;0","","0;0;90","0;0;90","1","0","7","xfi_weapon_direction_only","Weapon XFI carries direction ranges but no transform matrix; preserve metadata without promoting a runtime attach offset.","datan\common\arm23_rkog.gx"
"nova_fire_arm24_bzk","Firepower","UnitParts/ArmWeapons","4","numeric_slot_code","바주카","weapon.direction","0;-0.133082;0","","0;0;90","0;0;90","1","0","7","xfi_weapon_direction_only","Weapon XFI carries direction ranges but no transform matrix; preserve metadata without promoting a runtime attach offset.","datan\common\arm24_bzk.gx"
"nova_fire_arm25_skoob","Firepower","UnitParts/ArmWeapons","4","numeric_slot_code","쇼크웨이브","weapon.direction","0;-0.090939;0","","0;0;90","0;0;90","1","0","7","xfi_weapon_direction_only","Weapon XFI carries direction ranges but no transform matrix; preserve metadata without promoting a runtime attach offset.","datan\common\arm25_skoob.gx"
"nova_fire_arm26_srmd","Firepower","UnitParts/ArmWeapons","4","numeric_slot_code","사라만다","weapon.direction","0;-0.284894;0","","0;0;90","0;0;90","1","0","7","xfi_weapon_direction_only","Weapon XFI carries direction ranges but no transform matrix; preserve metadata without promoting a runtime attach offset.","datan\common\arm26_srmd.gx"
"nova_fire_arm27_stst","Firepower","UnitParts/ArmWeapons","4","numeric_slot_code","슈팅스타","weapon.direction","0;-0.41;0","","0;0;90","0;0;90","1","0","7","xfi_weapon_direction_only","Weapon XFI carries direction ranges but no transform matrix; preserve metadata without promoting a runtime attach offset.","datan\common\arm27_stst.gx"
"nova_fire_arm28_ozs","Firepower","UnitParts/ArmWeapons","4","numeric_slot_code","이지스","weapon.direction","0;-0.138275;0","","0;0;90","0;0;90","1","0","7","xfi_weapon_direction_only","Weapon XFI carries direction ranges but no transform matrix; preserve metadata without promoting a runtime attach offset.","datan\common\arm28_ozs.gx"
"nova_fire_arm29_sdbt","Firepower","UnitParts/ArmWeapons","4","numeric_slot_code","선더볼트","weapon.direction","0;-0.091135;0","","0;0;90","0;0;90","1","0","7","xfi_weapon_direction_only","Weapon XFI carries direction ranges but no transform matrix; preserve metadata without promoting a runtime attach offset.","datan\common\arm29_sdbt.gx"
"nova_fire_arm3_krst","Firepower","UnitParts/ArmWeapons","4","numeric_slot_code","","weapon.direction","0;-0.113765;0","","0;0;90","0;0;90","1","0","7","xfi_weapon_direction_only","Weapon XFI carries direction ranges but no transform matrix; preserve metadata without promoting a runtime attach offset.","datan\common\arm3_krst.gx"
"nova_fire_arm30_sm","Firepower","UnitParts/ArmWeapons","4","numeric_slot_code","서먼","weapon.direction","0;-0.147074;0","","0;0;90","0;0;90","1","0","7","xfi_weapon_direction_only","Weapon XFI carries direction ranges but no transform matrix; preserve metadata without promoting a runtime attach offset.","datan\common\arm30_sm.gx"
"nova_fire_arm31_skokr","Firepower","UnitParts/ArmWeapons","4","numeric_slot_code","스카이킬러","weapon.direction","0;-0.184984;0","","0;0;90","0;0;90","1","0","7","xfi_weapon_direction_only","Weapon XFI carries direction ranges but no transform matrix; preserve metadata without promoting a runtime attach offset.","datan\common\arm31_skokr.gx"
"nova_fire_arm32_sppoo","Firepower","UnitParts/ArmWeapons","4","numeric_slot_code","스핏파이어","weapon.direction","0;-0.195126;0","","0;0;90","0;0;90","1","0","7","xfi_weapon_direction_only","Weapon XFI carries direction ranges but no transform matrix; preserve metadata without promoting a runtime attach offset.","datan\common\arm32_sppoo.gx"
"nova_fire_arm33_hkoo","Firepower","UnitParts/ArmWeapons","4","numeric_slot_code","호크아이","weapon.direction","0;-0.155001;0","","0;0;90","0;0;90","1","0","7","xfi_weapon_direction_only","Weapon XFI carries direction ranges but no transform matrix; preserve metadata without promoting a runtime attach offset.","datan\common\arm33_hkoo.gx"
"nova_fire_arm34_skpo","Firepower","UnitParts/ArmWeapons","4","numeric_slot_code","스콜피오","weapon.direction","0;-0.155184;0","","0;0;90","0;0;90","1","0","7","xfi_weapon_direction_only","Weapon XFI carries direction ranges but no transform matrix; preserve metadata without promoting a runtime attach offset.","datan\common\arm34_skpo.gx"
"nova_fire_arm35_ons","Firepower","UnitParts/ArmWeapons","4","numeric_slot_code","오닉스","weapon.direction","0;-0.08257;0","","0;0;90","0;0;90","1","0","7","xfi_weapon_direction_only","Weapon XFI carries direction ranges but no transform matrix; preserve metadata without promoting a runtime attach offset.","datan\common\arm35_ons.gx"
"nova_fire_arm36_bnso","Firepower","UnitParts/ArmWeapons","4","numeric_slot_code","버닝소울","weapon.direction","0;-0.132273;0","","0;0;90","0;0;90","1","0","7","xfi_weapon_direction_only","Weapon XFI carries direction ranges but no transform matrix; preserve metadata without promoting a runtime attach offset.","datan\common\arm36_bnso.gx"
"nova_fire_arm37_sts","Firepower","UnitParts/ArmWeapons","4","numeric_slot_code","스틱스","weapon.direction","0;-0.143926;0","","0;0;90","0;0;90","1","0","7","xfi_weapon_direction_only","Weapon XFI carries direction ranges but no transform matrix; preserve metadata without promoting a runtime attach offset.","datan\common\arm37_sts.gx"
"nova_fire_arm39_hmsk","Firepower","UnitParts/ArmWeapons","4","numeric_slot_code","해머쇼크","weapon.direction","0;-0.41;0","","0;0;90","0;0;90","1","0","7","xfi_weapon_direction_only","Weapon XFI carries direction ranges but no transform matrix; preserve metadata without promoting a runtime attach offset.","datan\common\arm39_hmsk.gx"
"nova_fire_arm4_bk","Firepower","UnitParts/ArmWeapons","4","numeric_slot_code","발칸","weapon.direction","0;-0.07596;0","","0;0;90","0;0;90","1","0","7","xfi_weapon_direction_only","Weapon XFI carries direction ranges but no transform matrix; preserve metadata without promoting a runtime attach offset.","datan\common\arm4_bk.gx"
"nova_fire_arm41_onoo","Firepower","UnitParts/ArmWeapons","4","numeric_slot_code","아누아이","weapon.direction","0;-0.188421;0","","0;0;90","0;0;90","1","0","7","xfi_weapon_direction_only","Weapon XFI carries direction ranges but no transform matrix; preserve metadata without promoting a runtime attach offset.","datan\common\arm41_onoo.gx"
"nova_fire_arm43_przso","Firepower","UnitParts/ArmWeapons","4","numeric_slot_code","프리징소울","weapon.direction","0;-0.107882;0","","0;0;90","0;0;90","1","0","7","xfi_weapon_direction_only","Weapon XFI carries direction ranges but no transform matrix; preserve metadata without promoting a runtime attach offset.","datan\common\arm43_przso.gx"
"nova_fire_arm46_dbkr","Firepower","UnitParts/ArmWeapons","4","numeric_slot_code","데빌클로","weapon.direction","0;-0.330705;0","","0;0;90","0;0;90","1","0","7","xfi_weapon_direction_only","Weapon XFI carries direction ranges but no transform matrix; preserve metadata without promoting a runtime attach offset.","datan\common\arm46_dbkr.gx"
"nova_fire_arm5_dmsz","Firepower","UnitParts/ArmWeapons","4","numeric_slot_code","","weapon.direction","0;-0.06423;0","","0;0;90","0;0;90","1","0","7","xfi_weapon_direction_only","Weapon XFI carries direction ranges but no transform matrix; preserve metadata without promoting a runtime attach offset.","datan\common\arm5_dmsz.gx"
"nova_fire_arm55_bbs","Firepower","UnitParts/ArmWeapons","4","numeric_slot_code","베베세","weapon.direction","0;-0.333263;0","","0;0;90","0;0;90","1","0","7","xfi_weapon_direction_only","Weapon XFI carries direction ranges but no transform matrix; preserve metadata without promoting a runtime attach offset.","datan\common\arm55_bbs.gx"
"nova_fire_arm6_msg","Firepower","UnitParts/ArmWeapons","4","numeric_slot_code","","weapon.direction","0;-0.200684;0","","0;0;90","0;0;90","1","0","7","xfi_weapon_direction_only","Weapon XFI carries direction ranges but no transform matrix; preserve metadata without promoting a runtime attach offset.","datan\common\arm6_msg.gx"
"nova_fire_arm7_br","Firepower","UnitParts/ArmWeapons","4","numeric_slot_code","","weapon.direction","0;-0.112179;0","","0;0;90","0;0;90","1","0","7","xfi_weapon_direction_only","Weapon XFI carries direction ranges but no transform matrix; preserve metadata without promoting a runtime attach offset.","datan\common\arm7_br.gx"
"nova_fire_arm71_toptower","Firepower","UnitParts/ArmWeapons","4","numeric_slot_code","","weapon.direction","0;-0.134082;0","","0;0;90","0;0;90","1","0","7","xfi_weapon_direction_only","Weapon XFI carries direction ranges but no transform matrix; preserve metadata without promoting a runtime attach offset.","datan\common\arm71_toptower.gx"
"nova_fire_arm72_larmtower","Firepower","UnitParts/ArmWeapons","5","numeric_slot_code","","","0;-0.264249;0","","0;0;90","0;0;90","1","0","8","xfi_reference_only","XFI parsed but no direct single-field alignment mapping is proven.","datan\common\arm72_larmtower.gx"
"nova_fire_arm73_rarmtower","Firepower","UnitParts/ArmWeapons","6","numeric_slot_code","","","0;-0.264249;0","","0;0;90","0;0;90","1","0","8","xfi_reference_only","XFI parsed but no direct single-field alignment mapping is proven.","datan\common\arm73_rarmtower.gx"
"nova_fire_arm74_lshdtower","Firepower","UnitParts/ArmWeapons","5","numeric_slot_code","","","0;-0.41;0","","0;0;90","0;0;90","1","0","7","xfi_reference_only","XFI parsed but no direct single-field alignment mapping is proven.","datan\common\arm74_lshdtower.gx"
"nova_fire_arm75_rshdtower","Firepower","UnitParts/ArmWeapons","6","numeric_slot_code","","","0;-0.41;0","","0;0;90","0;0;90","1","0","7","xfi_reference_only","XFI parsed but no direct single-field alignment mapping is proven.","datan\common\arm75_rshdtower.gx"
"nova_fire_arm76_orns","Firepower","UnitParts/ArmWeapons","4","numeric_slot_code","","weapon.direction","0;-0.251783;0","","0;0;90","0;0;90","1","0","7","xfi_weapon_direction_only","Weapon XFI carries direction ranges but no transform matrix; preserve metadata without promoting a runtime attach offset.","datan\common\arm76_orns.gx"
"nova_fire_arm77_osdor","Firepower","UnitParts/ArmWeapons","4","numeric_slot_code","","weapon.direction","0;-0.387835;0","","0;0;90","0;0;90","1","0","7","xfi_weapon_direction_only","Weapon XFI carries direction ranges but no transform matrix; preserve metadata without promoting a runtime attach offset.","datan\common\arm77_osdor.gx"
"nova_fire_arm78_rdoot","Firepower","UnitParts/ArmWeapons","4","numeric_slot_code","","weapon.direction","0;-0.331709;0","","0;0;90","0;0;90","1","0","7","xfi_weapon_direction_only","Weapon XFI carries direction ranges but no transform matrix; preserve metadata without promoting a runtime attach offset.","datan\common\arm78_rdoot.gx"
"nova_fire_arm79_snop","Firepower","UnitParts/ArmWeapons","4","numeric_slot_code","","weapon.direction","0;-0.126382;0","","0;0;90","0;0;90","1","0","7","xfi_weapon_direction_only","Weapon XFI carries direction ranges but no transform matrix; preserve metadata without promoting a runtime attach offset.","datan\common\arm79_snop.gx"
"nova_fire_arm8_do","Firepower","UnitParts/ArmWeapons","4","numeric_slot_code","듀얼건","weapon.direction","0;-0.286153;0","","0;0;90","0;0;90","1","0","7","xfi_weapon_direction_only","Weapon XFI carries direction ranges but no transform matrix; preserve metadata without promoting a runtime attach offset.","datan\common\arm8_do.gx"
"nova_fire_arm80_opkrs","Firepower","UnitParts/ArmWeapons","4","numeric_slot_code","","weapon.direction","0;-0.220113;0","","0;0;90","0;0;90","1","0","7","xfi_weapon_direction_only","Weapon XFI carries direction ranges but no transform matrix; preserve metadata without promoting a runtime attach offset.","datan\common\arm80_opkrs.gx"
"nova_fire_arm81_rtro","Firepower","UnitParts/ArmWeapons","4","numeric_slot_code","","weapon.direction","0;-0.209902;0","","0;0;90","0;0;90","1","0","7","xfi_weapon_direction_only","Weapon XFI carries direction ranges but no transform matrix; preserve metadata without promoting a runtime attach offset.","datan\common\arm81_rtro.gx"
"nova_fire_arm9_omg","Firepower","UnitParts/ArmWeapons","4","numeric_slot_code","","weapon.direction","0;-0.187669;0","","0;0;90","0;0;90","1","0","7","xfi_weapon_direction_only","Weapon XFI carries direction ranges but no transform matrix; preserve metadata without promoting a runtime attach offset.","datan\common\arm9_omg.gx"
"nova_fire_armtowermis","Firepower","UnitParts/ArmWeapons","4","numeric_slot_code","","weapon.direction","0;-0.159102;0","","0;0;90","0;0;90","1","0","7","xfi_weapon_direction_only","Weapon XFI carries direction ranges but no transform matrix; preserve metadata without promoting a runtime attach offset.","datan\common\armtowermis.GX"
"nova_fire_front","Firepower","UnitParts/ArmWeapons","front|0","named_attach_slot","","","0;0;0","","0;0;90","0;0;90","1","0","2","xfi_reference_only","XFI parsed but no direct single-field alignment mapping is proven.","datan\common\��ĳ��_Front.GX"
"nova_fire_front_25584a9c","Firepower","UnitParts/ArmWeapons","front|0","named_attach_slot","","","0;-0.400174;0","","0;0;90","0;0;90","1","0","2","xfi_reference_only","XFI parsed but no direct single-field alignment mapping is proven.","datan\common\센서_Front.GX"
"nova_fire_front_72f37ed3","Firepower","UnitParts/ArmWeapons","front|0","named_attach_slot","","","0;-0.271049;0","","0;0;90","0;0;90","1","0","2","xfi_reference_only","XFI parsed but no direct single-field alignment mapping is proven.","datan\common\��Ʈ��_Front.GX"
"nova_fire_front_caad5e5c","Firepower","UnitParts/ArmWeapons","front|0","named_attach_slot","","","0;-0.400174;0","","0;0;90","0;0;90","1","0","2","xfi_reference_only","XFI parsed but no direct single-field alignment mapping is proven.","datan\common\����_Front.GX"
"nova_fire_front_cbb7fd7f","Firepower","UnitParts/ArmWeapons","front|0","named_attach_slot","","","0;0;0","","0;0;90","0;0;90","1","0","2","xfi_reference_only","XFI parsed but no direct single-field alignment mapping is proven.","datan\common\스캐너_Front.GX"
"nova_fire_front_cca45776","Firepower","UnitParts/ArmWeapons","front|0","named_attach_slot","","","0;-0.271049;0","","0;0;90","0;0;90","1","0","2","xfi_reference_only","XFI parsed but no direct single-field alignment mapping is proven.","datan\common\와트셀_Front.GX"
"nova_fire_g_arm56_prrs","Firepower","UnitParts/ArmWeapons","4","numeric_slot_code","","weapon.direction","0;-0.188559;0","","0;0;90","0;0;90","1","0","7","xfi_weapon_direction_only","Weapon XFI carries direction ranges but no transform matrix; preserve metadata without promoting a runtime attach offset.","datan\common\g_arm56_prrs.gx"
"nova_fire_g_arm57_prs","Firepower","UnitParts/ArmWeapons","4","numeric_slot_code","팔랑스G","weapon.direction","0;-0.158914;0","","0;0;90","0;0;90","1","0","7","xfi_weapon_direction_only","Weapon XFI carries direction ranges but no transform matrix; preserve metadata without promoting a runtime attach offset.","datan\common\g_arm57_prs.gx"
"nova_fire_g_arm58_dbkr","Firepower","UnitParts/ArmWeapons","4","numeric_slot_code","데빌클로G","weapon.direction","0;-0.330705;0","","0;0;90","0;0;90","1","0","7","xfi_weapon_direction_only","Weapon XFI carries direction ranges but no transform matrix; preserve metadata without promoting a runtime attach offset.","datan\common\g_arm58_dbkr.gx"
"nova_fire_g_arm93_rtro","Firepower","UnitParts/ArmWeapons","4","numeric_slot_code","","weapon.direction","0;-0.209902;0","","0;0;90","0;0;90","1","0","7","xfi_weapon_direction_only","Weapon XFI carries direction ranges but no transform matrix; preserve metadata without promoting a runtime attach offset.","datan\common\g_arm93_rtro.gx"
"nova_fire_g_arm94_rdoot","Firepower","UnitParts/ArmWeapons","4","numeric_slot_code","","weapon.direction","0;-0.331709;0","","0;0;90","0;0;90","1","0","7","xfi_weapon_direction_only","Weapon XFI carries direction ranges but no transform matrix; preserve metadata without promoting a runtime attach offset.","datan\common\g_arm94_rdoot.gx"
"nova_fire_g_arm95_sppoo","Firepower","UnitParts/ArmWeapons","4","numeric_slot_code","","weapon.direction","0;-0.195126;0","","0;0;90","0;0;90","1","0","7","xfi_weapon_direction_only","Weapon XFI carries direction ranges but no transform matrix; preserve metadata without promoting a runtime attach offset.","datan\common\g_arm95_sppoo.gx"
"nova_fire_g_arm96_snop","Firepower","UnitParts/ArmWeapons","4","numeric_slot_code","","weapon.direction","0;-0.126382;0","","0;0;90","0;0;90","1","0","7","xfi_weapon_direction_only","Weapon XFI carries direction ranges but no transform matrix; preserve metadata without promoting a runtime attach offset.","datan\common\g_arm96_snop.gx"
"nova_fire_g_arm97_rkog","Firepower","UnitParts/ArmWeapons","4","numeric_slot_code","","weapon.direction","0;-0.256032;0","","0;0;90","0;0;90","1","0","7","xfi_weapon_direction_only","Weapon XFI carries direction ranges but no transform matrix; preserve metadata without promoting a runtime attach offset.","datan\common\g_arm97_rkog.gx"
"nova_fire_larm","Firepower","UnitParts/ArmWeapons","larm|0","named_attach_slot","","","0;-0.409383;0","","0;0;90","0;0;90","1","0","2","xfi_reference_only","XFI parsed but no direct single-field alignment mapping is proven.","datan\common\ü�¸���_LArm.GX"
"nova_fire_larm_0731a786","Firepower","UnitParts/ArmWeapons","larm|0","named_attach_slot","","","0;-0.250035;0","","0;0;90","0;0;90","1","0","2","xfi_reference_only","XFI parsed but no direct single-field alignment mapping is proven.","datan\common\방어업_LArm.GX"
"nova_fire_larm_46c9554a","Firepower","UnitParts/ArmWeapons","larm|0","named_attach_slot","","","0;-0.409383;0","","0;0;90","0;0;90","1","0","2","xfi_reference_only","XFI parsed but no direct single-field alignment mapping is proven.","datan\common\체력리젠_LArm.GX"
"nova_fire_larm_cc51d9e0","Firepower","UnitParts/ArmWeapons","larm|0","named_attach_slot","","","0;-0.250035;0","","0;0;90","0;0;90","1","0","2","xfi_reference_only","XFI parsed but no direct single-field alignment mapping is proven.","datan\common\����_LArm.GX"
"nova_fire_larm81m","Firepower","UnitParts/ArmWeapons","-1","numeric_slot_code","","","0;-0.070559;0","","0;0;90","0;0;90","1","0","1","xfi_reference_only","XFI parsed but no direct single-field alignment mapping is proven.","datan\common\larm81m.gx"
"nova_fire_lback","Firepower","UnitParts/ArmWeapons","lshd","named_attach_slot","","lshd","0;-0.375424;0","1.786781;0.200079;-1.142331","0;0;90","0;0;90","1","1","5","xfi_named_attach_socket_candidate","Named firepower XFI exposes an explicit attach slot and transform.","datan\common\�׿³���_LBack.GX"
"nova_fire_lback_5f1d02d8","Firepower","UnitParts/ArmWeapons","lshd","named_attach_slot","","lshd","0;-0.375424;0","1.786781;0.200079;-1.142331","0;0;90","0;0;90","1","1","5","xfi_named_attach_socket_candidate","Named firepower XFI exposes an explicit attach slot and transform.","datan\common\네온날개_LBack.GX"
"nova_fire_m","Firepower","UnitParts/ArmWeapons","-1","numeric_slot_code","","","0;-0.159102;0","","0;0;90","0;0;90","1","0","1","xfi_reference_only","XFI parsed but no direct single-field alignment mapping is proven.","datan\common\포탑어깨형M.gx"
"nova_fire_m_d46a2a2f","Firepower","UnitParts/ArmWeapons","-1","numeric_slot_code","","","0;-0.17418;0","","0;0;90","0;0;90","1","0","1","xfi_reference_only","XFI parsed but no direct single-field alignment mapping is proven.","datan\common\포탑탑형M.gx"
"nova_fire_m_df76d31f","Firepower","UnitParts/ArmWeapons","-1","numeric_slot_code","","","0;-0.127417;0","","0;0;90","0;0;90","1","0","1","xfi_reference_only","XFI parsed but no direct single-field alignment mapping is proven.","datan\common\포탑팔형M.gx"
"nova_fire_n_arm59_dmsz","Firepower","UnitParts/ArmWeapons","4","numeric_slot_code","데미시즈N","weapon.direction","0;-0.06423;0","","0;0;90","0;0;90","1","0","7","xfi_weapon_direction_only","Weapon XFI carries direction ranges but no transform matrix; preserve metadata without promoting a runtime attach offset.","datan\common\n_arm59_dmsz.gx"
"nova_fire_n_arm60_mgbr","Firepower","UnitParts/ArmWeapons","4","numeric_slot_code","메가배럴N","weapon.direction","0;-0.267123;0","","0;0;90","0;0;90","1","0","7","xfi_weapon_direction_only","Weapon XFI carries direction ranges but no transform matrix; preserve metadata without promoting a runtime attach offset.","datan\common\n_arm60_mgbr.gx"
"nova_fire_n_arm61_bsrsk","Firepower","UnitParts/ArmWeapons","4","numeric_slot_code","바실리스크N","weapon.direction","0;-0.111587;0","","0;0;90","0;0;90","1","0","7","xfi_weapon_direction_only","Weapon XFI carries direction ranges but no transform matrix; preserve metadata without promoting a runtime attach offset.","datan\common\n_arm61_bsrsk.gx"
"nova_fire_n_arm62_knst","Firepower","UnitParts/ArmWeapons","4","numeric_slot_code","캐니스터N","weapon.direction","0;-0.229556;0","","0;0;90","0;0;90","1","0","7","xfi_weapon_direction_only","Weapon XFI carries direction ranges but no transform matrix; preserve metadata without promoting a runtime attach offset.","datan\common\n_arm62_knst.gx"
"nova_fire_n_arm63_krst","Firepower","UnitParts/ArmWeapons","4","numeric_slot_code","클러스터N","weapon.direction","0;-0.113765;0","","0;0;90","0;0;90","1","0","7","xfi_weapon_direction_only","Weapon XFI carries direction ranges but no transform matrix; preserve metadata without promoting a runtime attach offset.","datan\common\n_arm63_krst.gx"
"nova_fire_n_arm64_hdkn","Firepower","UnitParts/ArmWeapons","4","numeric_slot_code","핸드케넌N","weapon.direction","0;-0.252822;0","","0;0;90","0;0;90","1","0","7","xfi_weapon_direction_only","Weapon XFI carries direction ranges but no transform matrix; preserve metadata without promoting a runtime attach offset.","datan\common\n_arm64_hdkn.gx"
"nova_fire_n_arm65_bbs","Firepower","UnitParts/ArmWeapons","4","numeric_slot_code","베베세N","weapon.direction","0;-0.333263;0","","0;0;90","0;0;90","1","0","7","xfi_weapon_direction_only","Weapon XFI carries direction ranges but no transform matrix; preserve metadata without promoting a runtime attach offset.","datan\common\n_arm65_bbs.gx"
"nova_fire_n_arm66_skpo","Firepower","UnitParts/ArmWeapons","4","numeric_slot_code","스콜피오N","weapon.direction","0;-0.155184;0","","0;0;90","0;0;90","1","0","7","xfi_weapon_direction_only","Weapon XFI carries direction ranges but no transform matrix; preserve metadata without promoting a runtime attach offset.","datan\common\n_arm66_skpo.gx"
"nova_fire_n_arm67_sts","Firepower","UnitParts/ArmWeapons","4","numeric_slot_code","스틱스N","weapon.direction","0;-0.143926;0","","0;0;90","0;0;90","1","0","7","xfi_weapon_direction_only","Weapon XFI carries direction ranges but no transform matrix; preserve metadata without promoting a runtime attach offset.","datan\common\n_arm67_sts.gx"
"nova_fire_n_arm68_roz","Firepower","UnitParts/ArmWeapons","4","numeric_slot_code","레이저N","weapon.direction","0;-0.17739;0","","0;0;90","0;0;90","1","0","7","xfi_weapon_direction_only","Weapon XFI carries direction ranges but no transform matrix; preserve metadata without promoting a runtime attach offset.","datan\common\n_arm68_roz.gx"
"nova_fire_n_arm69_rkog","Firepower","UnitParts/ArmWeapons","4","numeric_slot_code","리코일건N","weapon.direction","0;-0.256032;0","","0;0;90","0;0;90","1","0","7","xfi_weapon_direction_only","Weapon XFI carries direction ranges but no transform matrix; preserve metadata without promoting a runtime attach offset.","datan\common\n_arm69_rkog.gx"
"nova_fire_n_arm70_hmsk","Firepower","UnitParts/ArmWeapons","4","numeric_slot_code","해머쇼크N","weapon.direction","0;-0.41;0","","0;0;90","0;0;90","1","0","7","xfi_weapon_direction_only","Weapon XFI carries direction ranges but no transform matrix; preserve metadata without promoting a runtime attach offset.","datan\common\n_arm70_hmsk.gx"
"nova_fire_rarm","Firepower","UnitParts/ArmWeapons","rarm|0","named_attach_slot","","","0;-0.409383;0","","0;0;90","0;0;90","1","0","2","xfi_reference_only","XFI parsed but no direct single-field alignment mapping is proven.","datan\common\ü�¸���_RArm.GX"
"nova_fire_rarm_0575504b","Firepower","UnitParts/ArmWeapons","rarm|0","named_attach_slot","","","0;-0.250035;0","","0;0;90","0;0;90","1","0","2","xfi_reference_only","XFI parsed but no direct single-field alignment mapping is proven.","datan\common\����_RArm.GX"
"nova_fire_rarm_647b83b7","Firepower","UnitParts/ArmWeapons","rarm|0","named_attach_slot","","","0;-0.250035;0","","0;0;90","0;0;90","1","0","2","xfi_reference_only","XFI parsed but no direct single-field alignment mapping is proven.","datan\common\방어업_RArm.GX"
"nova_fire_rarm_ae592bf0","Firepower","UnitParts/ArmWeapons","rarm|0","named_attach_slot","","","0;-0.409383;0","","0;0;90","0;0;90","1","0","2","xfi_reference_only","XFI parsed but no direct single-field alignment mapping is proven.","datan\common\체력리젠_RArm.GX"
"nova_fire_rback","Firepower","UnitParts/ArmWeapons","rshd","named_attach_slot","","rshd","0;-0.375424;0","0;0;0","0;0;90","0;0;90","1","1","5","xfi_named_attach_socket_candidate","Named firepower XFI exposes an explicit attach slot and transform.","datan\common\�׿³���_RBack.GX"
"nova_fire_rback_9c6bd72c","Firepower","UnitParts/ArmWeapons","rshd","named_attach_slot","","rshd","0;-0.375424;0","0;0;0","0;0;90","0;0;90","1","1","5","xfi_named_attach_socket_candidate","Named firepower XFI exposes an explicit attach slot and transform.","datan\common\네온날개_RBack.GX"
"nova_fire_review","Firepower","UnitParts/ArmWeapons","-1","numeric_slot_code","","","0;0;0","","0;0;90","0;0;90","1","0","1","xfi_reference_only","XFI parsed but no direct single-field alignment mapping is proven.","datan\common\팔형공중타겟.GX"
"nova_fire_review_29e11d45","Firepower","UnitParts/ArmWeapons","1","numeric_slot_code","","","0;-0.161289;0","","0;0;90","0;0;90","1","0","0","xfi_reference_only","XFI parsed but no direct single-field alignment mapping is proven.","datan\common\포탑팔형.gx"
"nova_fire_review_58d20138","Firepower","UnitParts/ArmWeapons","1","numeric_slot_code","","","0;-0.198247;0","","0;0;90","0;0;90","1","0","0","xfi_reference_only","XFI parsed but no direct single-field alignment mapping is proven.","datan\common\포탑어깨형.gx"
"nova_fire_review_70df0174","Firepower","UnitParts/ArmWeapons","-1","numeric_slot_code","","","0;-0.157097;0","","0;0;90","0;0;90","1","0","1","xfi_reference_only","XFI parsed but no direct single-field alignment mapping is proven.","datan\common\타워팔형공중미사일.GX"
"nova_fire_review_72000940","Firepower","UnitParts/ArmWeapons","-1","numeric_slot_code","","","0;-0.125278;0","","0;0;90","0;0;90","1","0","1","xfi_reference_only","XFI parsed but no direct single-field alignment mapping is proven.","datan\common\타워어깨미사일.GX"
"nova_fire_review_921ded0f","Firepower","UnitParts/ArmWeapons","1","numeric_slot_code","","","0;-0.104553;0","","0;0;90","0;0;90","1","0","0","xfi_reference_only","XFI parsed but no direct single-field alignment mapping is proven.","datan\common\포탑탑형.gx"
"nova_fire_review_f7c085c0","Firepower","UnitParts/ArmWeapons","0","numeric_slot_code","","","0;-0.395164;0","","0;0;90","0;0;90","1","1","0","xfi_reference_only","XFI parsed but no direct single-field alignment mapping is proven.","datan\common\포탑다리.gx"
"nova_fire_review_fe4703c5","Firepower","UnitParts/ArmWeapons","0","numeric_slot_code","","","0;-0.158076;0","","0;0;90","0;0;90","1","1","1","xfi_reference_only","XFI parsed but no direct single-field alignment mapping is proven.","datan\common\공중타워링.GX"
"nova_fire_s_arm48_nmsz","Firepower","UnitParts/ArmWeapons","4","numeric_slot_code","","weapon.direction","0;-0.117551;0","","0;0;90","0;0;90","1","0","7","xfi_weapon_direction_only","Weapon XFI carries direction ranges but no transform matrix; preserve metadata without promoting a runtime attach offset.","datan\common\s_arm48_nmsz.gx"
"nova_fire_s_arm49_rkog","Firepower","UnitParts/ArmWeapons","4","numeric_slot_code","","weapon.direction","0;-0.256032;0","","0;0;90","0;0;90","1","0","7","xfi_weapon_direction_only","Weapon XFI carries direction ranges but no transform matrix; preserve metadata without promoting a runtime attach offset.","datan\common\s_arm49_rkog.gx"
"nova_fire_s_arm50_hmsk","Firepower","UnitParts/ArmWeapons","4","numeric_slot_code","해머쇼크S","weapon.direction","0;-0.41;0","","0;0;90","0;0;90","1","0","7","xfi_weapon_direction_only","Weapon XFI carries direction ranges but no transform matrix; preserve metadata without promoting a runtime attach offset.","datan\common\s_arm50_hmsk.gx"
"nova_fire_s_arm51_roz","Firepower","UnitParts/ArmWeapons","4","numeric_slot_code","","weapon.direction","0;-0.17739;0","","0;0;90","0;0;90","1","0","7","xfi_weapon_direction_only","Weapon XFI carries direction ranges but no transform matrix; preserve metadata without promoting a runtime attach offset.","datan\common\s_arm51_roz.gx"
"nova_fire_s_arm52_bzk","Firepower","UnitParts/ArmWeapons","4","numeric_slot_code","바주카S","weapon.direction","0;-0.133082;0","","0;0;90","0;0;90","1","0","7","xfi_weapon_direction_only","Weapon XFI carries direction ranges but no transform matrix; preserve metadata without promoting a runtime attach offset.","datan\common\s_arm52_bzk.gx"
"nova_fire_s_arm53_ons","Firepower","UnitParts/ArmWeapons","4","numeric_slot_code","오닉스S","weapon.direction","0;-0.08257;0","","0;0;90","0;0;90","1","0","7","xfi_weapon_direction_only","Weapon XFI carries direction ranges but no transform matrix; preserve metadata without promoting a runtime attach offset.","datan\common\s_arm53_ons.gx"
"nova_fire_s_arm54_onoo","Firepower","UnitParts/ArmWeapons","4","numeric_slot_code","아누아이S","weapon.direction","0;-0.188421;0","","0;0;90","0;0;90","1","0","7","xfi_weapon_direction_only","Weapon XFI carries direction ranges but no transform matrix; preserve metadata without promoting a runtime attach offset.","datan\common\s_arm54_onoo.gx"
"nova_fire_ss0_arm82_msg","Firepower","UnitParts/ArmWeapons","4","numeric_slot_code","","weapon.direction","0;-0.221455;0","","0;0;90","0;0;90","1","0","7","xfi_weapon_direction_only","Weapon XFI carries direction ranges but no transform matrix; preserve metadata without promoting a runtime attach offset.","datan\common\ss0_arm82_msg.GX"
"nova_fire_ss0_arm83_amg","Firepower","UnitParts/ArmWeapons","4","numeric_slot_code","","weapon.direction","0;-0.41;0","","0;0;90","0;0;90","1","0","7","xfi_weapon_direction_only","Weapon XFI carries direction ranges but no transform matrix; preserve metadata without promoting a runtime attach offset.","datan\common\ss0_arm83_amg.GX"
"nova_fire_ss0_arm84_skoob","Firepower","UnitParts/ArmWeapons","4","numeric_slot_code","","weapon.direction","0;-0.062971;0","","0;0;90","0;0;90","1","0","7","xfi_weapon_direction_only","Weapon XFI carries direction ranges but no transform matrix; preserve metadata without promoting a runtime attach offset.","datan\common\ss0_arm84_skoob.GX"
"nova_fire_ss0_arm85_sppoo","Firepower","UnitParts/ArmWeapons","4","numeric_slot_code","","weapon.direction","0;-0.103417;0","","0;0;90","0;0;90","1","0","7","xfi_weapon_direction_only","Weapon XFI carries direction ranges but no transform matrix; preserve metadata without promoting a runtime attach offset.","datan\common\ss0_arm85_sppoo.GX"
"nova_fire_ss0_arm86_hmsk","Firepower","UnitParts/ArmWeapons","4","numeric_slot_code","","weapon.direction","0;-0.393125;0","","0;0;90","0;0;90","1","0","7","xfi_weapon_direction_only","Weapon XFI carries direction ranges but no transform matrix; preserve metadata without promoting a runtime attach offset.","datan\common\ss0_arm86_hmsk.GX"
"nova_fire_ss0_arm87_dbkr","Firepower","UnitParts/ArmWeapons","4","numeric_slot_code","","weapon.direction","0;-0.356078;0","","0;0;90","0;0;90","1","0","7","xfi_weapon_direction_only","Weapon XFI carries direction ranges but no transform matrix; preserve metadata without promoting a runtime attach offset.","datan\common\ss0_arm87_dbkr.GX"
"nova_fire_ss0_arm88_orns","Firepower","UnitParts/ArmWeapons","4","numeric_slot_code","","weapon.direction","0;-0.406815;0","","0;0;90","0;0;90","1","0","7","xfi_weapon_direction_only","Weapon XFI carries direction ranges but no transform matrix; preserve metadata without promoting a runtime attach offset.","datan\common\ss0_arm88_orns.GX"
"nova_fire_ss0_arm89_bnso","Firepower","UnitParts/ArmWeapons","4","numeric_slot_code","","weapon.direction","0;-0.41;0","","0;0;90","0;0;90","1","0","7","xfi_weapon_direction_only","Weapon XFI carries direction ranges but no transform matrix; preserve metadata without promoting a runtime attach offset.","datan\common\ss0_arm89_bnso.GX"
"nova_fire_ss0_arm90_skokr","Firepower","UnitParts/ArmWeapons","4","numeric_slot_code","","weapon.direction","0;-0.279647;0","","0;0;90","0;0;90","1","0","7","xfi_weapon_direction_only","Weapon XFI carries direction ranges but no transform matrix; preserve metadata without promoting a runtime attach offset.","datan\common\ss0_arm90_skokr.GX"
"nova_fire_ss0_arm91_snop","Firepower","UnitParts/ArmWeapons","top","named_attach_slot","","","0;-0.384104;0","","0;0;90","0;0;90","1","0","7","xfi_reference_only","XFI parsed but no direct single-field alignment mapping is proven.","datan\common\ss0_arm91_snop.GX"
"nova_fire_ss0_arm92_ons","Firepower","UnitParts/ArmWeapons","top","named_attach_slot","","","0;-0.267443;0","","0;0;90","0;0;90","1","0","7","xfi_reference_only","XFI parsed but no direct single-field alignment mapping is proven.","datan\common\ss0_arm92_ons.GX"
"nova_fire_top_06508a33","Firepower","UnitParts/ArmWeapons","top|0","named_attach_slot","","","0;-0.188049;0","","0;0;90","0;0;90","1","0","2","xfi_reference_only","XFI parsed but no direct single-field alignment mapping is proven.","datan\common\������_Top.GX"
"nova_fire_top_547935c6","Firepower","UnitParts/ArmWeapons","top|0","named_attach_slot","","","0;-0.169929;0","","0;0;90","0;0;90","1","0","2","xfi_reference_only","XFI parsed but no direct single-field alignment mapping is proven.","datan\common\공격오라_Top.GX"
"nova_fire_top_5524fda7","Firepower","UnitParts/ArmWeapons","top|0","named_attach_slot","","","0;-0.115287;0","","0;0;90","0;0;90","1","0","2","xfi_reference_only","XFI parsed but no direct single-field alignment mapping is proven.","datan\common\수리오라_Top.GX"
"nova_fire_top_a719d636","Firepower","UnitParts/ArmWeapons","top|0","named_attach_slot","","","0;-0.188049;0","","0;0;90","0;0;90","1","0","2","xfi_reference_only","XFI parsed but no direct single-field alignment mapping is proven.","datan\common\방어오라_Top.GX"
"nova_fire_top_ff856aa4","Firepower","UnitParts/ArmWeapons","top|0","named_attach_slot","","","0;-0.169929;0","","0;0;90","0;0;90","1","0","2","xfi_reference_only","XFI parsed but no direct single-field alignment mapping is proven.","datan\common\���ݿ���_Top.GX"
"nova_frame_0","Frame","UnitParts/Bases","body","named_attach_slot","","","0;0.228955;0","","0;0;0","0;0;0","1","6","1","xfi_reference_only","XFI parsed but no direct single-field alignment mapping is proven.","datan\common\중량형기지_스킨_0.GX"
"nova_frame_0_92d68f03","Frame","UnitParts/Bases","body","named_attach_slot","","","0;0.228955;0","","0;0;0","0;0;0","1","6","1","xfi_reference_only","XFI parsed but no direct single-field alignment mapping is proven.","datan\common\중량형기지_스킨0.GX"
"nova_frame_a_allinone","Frame","UnitParts/Bases","-1","numeric_slot_code","","","0;0.475;0","","0;0;0","0;0;0","1","0","1","xfi_reference_only","XFI parsed but no direct single-field alignment mapping is proven.","datan\common\A_allinone.GX"
"nova_frame_all","Frame","UnitParts/Bases","","missing","","","0;0.459554;0","","0;0;0","0;0;0","1","0","0","xfi_reference_only","XFI parsed but no direct single-field alignment mapping is proven.","datan\common\ALL.GX"
"nova_frame_b0001","Frame","UnitParts/Bases","body","named_attach_slot","","","0;0.350688;0","","0;0;0","0;0;0","1","6","1","xfi_reference_only","XFI parsed but no direct single-field alignment mapping is proven.","datan\common\B0001.GX"
"nova_frame_b0002","Frame","UnitParts/Bases","body","named_attach_slot","","","0;0.228955;0","","0;0;0","0;0;0","1","6","1","xfi_reference_only","XFI parsed but no direct single-field alignment mapping is proven.","datan\common\B0002.GX"
"nova_frame_b0003","Frame","UnitParts/Bases","body","named_attach_slot","","","0;0.350688;0","","0;0;0","0;0;0","1","6","1","xfi_reference_only","XFI parsed but no direct single-field alignment mapping is proven.","datan\common\B0003.GX"
"nova_frame_b0004","Frame","UnitParts/Bases","body","named_attach_slot","","","0;0.228955;0","","0;0;0","0;0;0","1","6","1","xfi_reference_only","XFI parsed but no direct single-field alignment mapping is proven.","datan\common\B0004.GX"
"nova_frame_b0005","Frame","UnitParts/Bases","body","named_attach_slot","","","0;0.350688;0","","0;0;0","0;0;0","1","6","1","xfi_reference_only","XFI parsed but no direct single-field alignment mapping is proven.","datan\common\B0005.GX"
"nova_frame_b0006","Frame","UnitParts/Bases","body","named_attach_slot","","","0;0.228955;0","","0;0;0","0;0;0","1","6","1","xfi_reference_only","XFI parsed but no direct single-field alignment mapping is proven.","datan\common\B0006.GX"
"nova_frame_b0007","Frame","UnitParts/Bases","body","named_attach_slot","","","0;0.350688;0","","0;0;0","0;0;0","1","6","1","xfi_reference_only","XFI parsed but no direct single-field alignment mapping is proven.","datan\common\B0007.GX"
"nova_frame_b0008","Frame","UnitParts/Bases","body","named_attach_slot","","","0;0.228955;0","","0;0;0","0;0;0","1","6","1","xfi_reference_only","XFI parsed but no direct single-field alignment mapping is proven.","datan\common\B0008.GX"
"nova_frame_b0009","Frame","UnitParts/Bases","body","named_attach_slot","","","0;0.350688;0","","0;0;0","0;0;0","1","6","1","xfi_reference_only","XFI parsed but no direct single-field alignment mapping is proven.","datan\common\B0009.GX"
"nova_frame_b0010","Frame","UnitParts/Bases","body","named_attach_slot","","","0;0.228955;0","","0;0;0","0;0;0","1","6","1","xfi_reference_only","XFI parsed but no direct single-field alignment mapping is proven.","datan\common\B0010.GX"
"nova_frame_base_lab","Frame","UnitParts/Bases","-1","numeric_slot_code","","","0;0.233768;0","","0;0;0","0;0;0","1","0","1","xfi_reference_only","XFI parsed but no direct single-field alignment mapping is proven.","datan\common\base_lab.GX"
"nova_frame_base_overwork","Frame","UnitParts/Bases","","missing","","","0;0.475;0","","0;0;0","0;0;0","1","0","0","xfi_reference_only","XFI parsed but no direct single-field alignment mapping is proven.","datan\common\base-overwork.GX"
"nova_frame_base1","Frame","UnitParts/Bases","body","named_attach_slot","","","0;0.176456;0","","0;0;0","0;0;0","1","6","1","xfi_reference_only","XFI parsed but no direct single-field alignment mapping is proven.","datan\common\base1.GX"
"nova_frame_base2","Frame","UnitParts/Bases","body","named_attach_slot","","","0;0.350688;0","","0;0;0","0;0;0","1","6","1","xfi_reference_only","XFI parsed but no direct single-field alignment mapping is proven.","datan\common\base2.GX"
"nova_frame_base3","Frame","UnitParts/Bases","body","named_attach_slot","","","0;0.228955;0","","0;0;0","0;0;0","1","6","1","xfi_reference_only","XFI parsed but no direct single-field alignment mapping is proven.","datan\common\base3.GX"
"nova_frame_base4","Frame","UnitParts/Bases","body","named_attach_slot","","","0;0.350688;0","","0;0;0","0;0;0","1","6","1","xfi_reference_only","XFI parsed but no direct single-field alignment mapping is proven.","datan\common\base4.GX"
"nova_frame_basebasic","Frame","UnitParts/Bases","","missing","","","0;0.123869;0","","0;0;0","0;0;0","1","0","0","xfi_reference_only","XFI parsed but no direct single-field alignment mapping is proven.","datan\common\basebasic.GX"
"nova_frame_baseshop","Frame","UnitParts/Bases","-1","numeric_slot_code","","","0;0.425879;0","","0;0;0","0;0;0","1","0","1","xfi_reference_only","XFI parsed but no direct single-field alignment mapping is proven.","datan\common\baseshop.GX"
"nova_frame_d_allinone","Frame","UnitParts/Bases","-1","numeric_slot_code","","","0;0.475;0","","0;0;0","0;0;0","1","0","1","xfi_reference_only","XFI parsed but no direct single-field alignment mapping is proven.","datan\common\D_allinone.GX"
"nova_frame_review","Frame","UnitParts/Bases","-1","numeric_slot_code","","","0;0.193408;0","","0;0;0","0;0;0","1","0","1","xfi_reference_only","XFI parsed but no direct single-field alignment mapping is proven.","datan\common\룬기지.GX"
"nova_frame_review_212e1e7a","Frame","UnitParts/Bases","","missing","","","0;0.475;0","","0;0;0","0;0;0","1","0","0","xfi_reference_only","XFI parsed but no direct single-field alignment mapping is proven.","datan\common\기지.GX"
"nova_frame_s_allinone","Frame","UnitParts/Bases","-1","numeric_slot_code","","","0;0.475;0","","0;0;0","0;0;0","1","0","1","xfi_reference_only","XFI parsed but no direct single-field alignment mapping is proven.","datan\common\S_allinone.GX"
"nova_frame_ss0_base5","Frame","UnitParts/Bases","body","named_attach_slot","","","0;0.475;0","","0;0;0","0;0;0","1","6","1","xfi_reference_only","XFI parsed but no direct single-field alignment mapping is proven.","datan\common\ss0_base5.GX"
"nova_frame_ss0_base6","Frame","UnitParts/Bases","body","named_attach_slot","","","0;0.475;0","","0;0;0","0;0;0","1","6","1","xfi_reference_only","XFI parsed but no direct single-field alignment mapping is proven.","datan\common\ss0_base6.GX"
"nova_frame_body1_sz","Frame","UnitParts/Bodies","1","numeric_slot_code","서전","body.top","0;0.172682;0","0;0.32047;-0.176588","0;0;0","0;0;0","1","5","7","xfi_body_top_socket_candidate","Body XFI transform index 2 appears to be the top/firepower socket. Runtime still needs a frame-top socket field before direct asset promotion.","datan\common\body1_sz.gx"
"nova_frame_body10_skdr","Frame","UnitParts/Bodies","1","numeric_slot_code","스쿼드론","body.top","0;0.239325;0","0;-0.000022;-0.000022","0;0;0","0;0;0","1","5","7","xfi_body_top_socket_candidate","Body XFI transform index 2 appears to be the top/firepower socket. Runtime still needs a frame-top socket field before direct asset promotion.","datan\common\body10_skdr.gx"
"nova_frame_body101","Frame","UnitParts/Bodies","1","numeric_slot_code","","","0;0.475;0","","0;0;0","0;0;0","1","0","0","xfi_reference_only","XFI parsed but no direct single-field alignment mapping is proven.","datan\common\body101.gx"
"nova_frame_body11_kn","Frame","UnitParts/Bodies","1","numeric_slot_code","커널","body.top","0;0.179598;0","0;0.182856;0.323027","0;0;0","0;0;0","1","5","7","xfi_body_top_socket_candidate","Body XFI transform index 2 appears to be the top/firepower socket. Runtime still needs a frame-top socket field before direct asset promotion.","datan\common\body11_kn.gx"
"nova_frame_body114","Frame","UnitParts/Bodies","1","numeric_slot_code","","body.top","0;0.167656;0","0.000032;0.418161;0.003838","0;0;0","0;0;0","1","5","4","xfi_body_top_socket_candidate","Body XFI transform index 2 appears to be the top/firepower socket. Runtime still needs a frame-top socket field before direct asset promotion.","datan\common\body114.gx"
"nova_frame_body12_kt","Frame","UnitParts/Bodies","1","numeric_slot_code","캡틴","body.top","0;0.226093;0","-0.000019;0.135687;0","0;0;0","0;0;0","1","5","7","xfi_body_top_socket_candidate","Body XFI transform index 2 appears to be the top/firepower socket. Runtime still needs a frame-top socket field before direct asset promotion.","datan\common\body12_kt.gx"
"nova_frame_body13_scro","Frame","UnitParts/Bodies","1","numeric_slot_code","센추리언","body.top","0;0.24537;0","0.000035;0.313408;0.167848","0;0;0","0;0;0","1","5","7","xfi_body_top_socket_candidate","Body XFI transform index 2 appears to be the top/firepower socket. Runtime still needs a frame-top socket field before direct asset promotion.","datan\common\body13_scro.gx"
"nova_frame_body14_trb","Frame","UnitParts/Bodies","1","numeric_slot_code","트리뷴","body.top","0;0.156002;0","-0.000052;0.232923;0.214514","0;0;0","0;0;0","1","5","7","xfi_body_top_socket_candidate","Body XFI transform index 2 appears to be the top/firepower socket. Runtime still needs a frame-top socket field before direct asset promotion.","datan\common\body14_trb.gx"
"nova_frame_body15_znr","Frame","UnitParts/Bodies","1","numeric_slot_code","제너럴","body.top","0;0.160582;0","0;0.252702;-0.108466","0;0;0","0;0;0","1","5","7","xfi_body_top_socket_candidate","Body XFI transform index 2 appears to be the top/firepower socket. Runtime still needs a frame-top socket field before direct asset promotion.","datan\common\body15_znr.gx"
"nova_frame_body16_kmdo","Frame","UnitParts/Bodies","1","numeric_slot_code","코모도어","body.top","0;0.167694;0","0;0.263622;-0.164758","0;0;0","0;0;0","1","5","7","xfi_body_top_socket_candidate","Body XFI transform index 2 appears to be the top/firepower socket. Runtime still needs a frame-top socket field before direct asset promotion.","datan\common\body16_kmdo.gx"
"nova_frame_body17_rzmt","Frame","UnitParts/Bodies","1","numeric_slot_code","레지먼트","body.top","0;0.280906;0","0;-0.000336;0","0;0;0","0;0;0","1","5","7","xfi_body_top_socket_candidate","Body XFI transform index 2 appears to be the top/firepower socket. Runtime still needs a frame-top socket field before direct asset promotion.","datan\common\body17_rzmt.gx"
"nova_frame_body18_brgod","Frame","UnitParts/Bodies","1","numeric_slot_code","브리게이드","body.top","0;0.237763;0","0;-0.000045;0","0;0;0","0;0;0","1","5","7","xfi_body_top_socket_candidate","Body XFI transform index 2 appears to be the top/firepower socket. Runtime still needs a frame-top socket field before direct asset promotion.","datan\common\body18_brgod.gx"
"nova_frame_body19_spd","Frame","UnitParts/Bodies","1","numeric_slot_code","스파덱","body.top","0;0.181097;0","0;0.158;0","0;0;0","0;0;0","1","5","7","xfi_body_top_socket_candidate","Body XFI transform index 2 appears to be the top/firepower socket. Runtime still needs a frame-top socket field before direct asset promotion.","datan\common\body19_spd.gx"
"nova_frame_body2_prt","Frame","UnitParts/Bodies","1","numeric_slot_code","플래툰","body.top","0;0.219834;0","0.000838;0.000012;0.000017","0;0;0","0;0;0","1","5","7","xfi_body_top_socket_candidate","Body XFI transform index 2 appears to be the top/firepower socket. Runtime still needs a frame-top socket field before direct asset promotion.","datan\common\body2_prt.gx"
"nova_frame_body20_prsd","Frame","UnitParts/Bodies","1","numeric_slot_code","플러시덱","body.top","0;0.23988;0","-0.000008;0.26465;0.000472","0;0;0","0;0;0","1","5","7","xfi_body_top_socket_candidate","Body XFI transform index 2 appears to be the top/firepower socket. Runtime still needs a frame-top socket field before direct asset promotion.","datan\common\body20_prsd.gx"
"nova_frame_body21_rzo","Frame","UnitParts/Bodies","1","numeric_slot_code","레지온","body.top","0;0.278356;0","0;0;0","0;0;0","0;0;0","1","5","7","xfi_body_top_socket_candidate","Body XFI transform index 2 appears to be the top/firepower socket. Runtime still needs a frame-top socket field before direct asset promotion.","datan\common\body21_rzo.gx"
"nova_frame_body22_kdd","Frame","UnitParts/Bodies","1","numeric_slot_code","쿼터덱","body.top","0;0.207191;0","-0.012915;0.249314;-0.308059","0;0;0","0;0;0","1","5","7","xfi_body_top_socket_candidate","Body XFI transform index 2 appears to be the top/firepower socket. Runtime still needs a frame-top socket field before direct asset promotion.","datan\common\body22_kdd.gx"
"nova_frame_body23_ms","Frame","UnitParts/Bodies","1","numeric_slot_code","마샬","body.top","0;0.141021;0","0;0.233497;0.012748","0;0;0","0;0;0","1","5","7","xfi_body_top_socket_candidate","Body XFI transform index 2 appears to be the top/firepower socket. Runtime still needs a frame-top socket field before direct asset promotion.","datan\common\body23_ms.gx"
"nova_frame_body24_grbs","Frame","UnitParts/Bodies","1","numeric_slot_code","그라비스","body.top","0;0.181774;0","-0.000007;0.262915;0.361663","0;0;0","0;0;0","1","5","7","xfi_body_top_socket_candidate","Body XFI transform index 2 appears to be the top/firepower socket. Runtime still needs a frame-top socket field before direct asset promotion.","datan\common\body24_grbs.gx"
"nova_frame_body25_bosro","Frame","UnitParts/Bodies","1","numeric_slot_code","바이스로이","body.top","0;0.195547;0","0;0.259923;0","0;0;0","0;0;0","1","5","7","xfi_body_top_socket_candidate","Body XFI transform index 2 appears to be the top/firepower socket. Runtime still needs a frame-top socket field before direct asset promotion.","datan\common\body25_bosro.gx"
"nova_frame_body26_kp","Frame","UnitParts/Bodies","1","numeric_slot_code","킹핀","body.top","0;0.239961;0","0;0;0","0;0;0","0;0;0","1","5","7","xfi_body_top_socket_candidate","Body XFI transform index 2 appears to be the top/firepower socket. Runtime still needs a frame-top socket field before direct asset promotion.","datan\common\body26_kp.gx"
"nova_frame_body27_zns","Frame","UnitParts/Bodies","1","numeric_slot_code","제니스","body.top","0;0.185731;0","0.000012;0.307433;0.383402","0;0;0","0;0;0","1","5","7","xfi_body_top_socket_candidate","Body XFI transform index 2 appears to be the top/firepower socket. Runtime still needs a frame-top socket field before direct asset promotion.","datan\common\body27_zns.gx"
"nova_frame_body28_kp2","Frame","UnitParts/Bodies","1","numeric_slot_code","킹핀II","body.top","0;0.220301;0","0;0;0","0;0;0","0;0;0","1","5","7","xfi_body_top_socket_candidate","Body XFI transform index 2 appears to be the top/firepower socket. Runtime still needs a frame-top socket field before direct asset promotion.","datan\common\body28_kp2.gx"
"nova_frame_body29_onms","Frame","UnitParts/Bodies","1","numeric_slot_code","","body.top","0;0.235721;0","0.011352;1.534184;-0.952643","0;0;0","0;0;0","1","5","7","xfi_body_top_socket_candidate","Body XFI transform index 2 appears to be the top/firepower socket. Runtime still needs a frame-top socket field before direct asset promotion.","datan\common\body29_onms.gx"
"nova_frame_body3_bgd","Frame","UnitParts/Bodies","1","numeric_slot_code","뱅가드","body.top","0;0.165252;0","-0.000006;0.312451;0.16447","0;0;0","0;0;0","1","5","7","xfi_body_top_socket_candidate","Body XFI transform index 2 appears to be the top/firepower socket. Runtime still needs a frame-top socket field before direct asset promotion.","datan\common\body3_bgd.gx"
"nova_frame_body30_ozs","Frame","UnitParts/Bodies","1","numeric_slot_code","","body.top","0;0.246917;0","-0.001798;0.572374;-0.63167","0;0;0","0;0;0","1","5","7","xfi_body_top_socket_candidate","Body XFI transform index 2 appears to be the top/firepower socket. Runtime still needs a frame-top socket field before direct asset promotion.","datan\common\body30_ozs.gx"
"nova_frame_body31_poms","Frame","UnitParts/Bodies","1","numeric_slot_code","","body.top","0;0.247986;0","0.005531;0.932144;-0.187021","0;0;0","0;0;0","1","5","7","xfi_body_top_socket_candidate","Body XFI transform index 2 appears to be the top/firepower socket. Runtime still needs a frame-top socket field before direct asset promotion.","datan\common\body31_poms.gx"
"nova_frame_body32_brps","Frame","UnitParts/Bodies","1","numeric_slot_code","플랫피쉬","body.top","0;0.223035;0","-0.001532;0.334217;0.483486","0;0;0","0;0;0","1","5","7","xfi_body_top_socket_candidate","Body XFI transform index 2 appears to be the top/firepower socket. Runtime still needs a frame-top socket field before direct asset promotion.","datan\common\body32_brps.gx"
"nova_frame_body33_hmt","Frame","UnitParts/Bodies","1","numeric_slot_code","","","0;0.098597;0","","0;0;0","0;0;0","1","0","0","xfi_reference_only","XFI parsed but no direct single-field alignment mapping is proven.","datan\common\body33_hmt.gx"
"nova_frame_body34_xxx","Frame","UnitParts/Bodies","1","numeric_slot_code","","body.top","0;0.204929;0","0.000132;0.45974;-0.305672","0;0;0","0;0;0","1","5","4","xfi_body_top_socket_candidate","Body XFI transform index 2 appears to be the top/firepower socket. Runtime still needs a frame-top socket field before direct asset promotion.","datan\common\body34_xxx.gx"
"nova_frame_body35_trbn","Frame","UnitParts/Bodies","1","numeric_slot_code","트리뷰널","body.top","0;0.157072;0","-0.000018;0.308326;0.383402","0;0;0","0;0;0","1","5","7","xfi_body_top_socket_candidate","Body XFI transform index 2 appears to be the top/firepower socket. Runtime still needs a frame-top socket field before direct asset promotion.","datan\common\body35_trbn.gx"
"nova_frame_body36_rzn","Frame","UnitParts/Bodies","1","numeric_slot_code","레지널","body.top","0;0.185097;0","0;-0.000967;0","0;0;0","0;0;0","1","5","7","xfi_body_top_socket_candidate","Body XFI transform index 2 appears to be the top/firepower socket. Runtime still needs a frame-top socket field before direct asset promotion.","datan\common\body36_rzn.gx"
"nova_frame_body37_ktn","Frame","UnitParts/Bodies","1","numeric_slot_code","캡티널","body.top","0;0.177407;0","0;0.198416;-0.019301","0;0;0","0;0;0","1","5","7","xfi_body_top_socket_candidate","Body XFI transform index 2 appears to be the top/firepower socket. Runtime still needs a frame-top socket field before direct asset promotion.","datan\common\body37_ktn.gx"
"nova_frame_body38_qrso","Frame","UnitParts/Bodies","1","numeric_slot_code","퀴러시어","body.top","0;0.196473;0","0;0;0","0;0;0","0;0;0","1","5","7","xfi_body_top_socket_candidate","Body XFI transform index 2 appears to be the top/firepower socket. Runtime still needs a frame-top socket field before direct asset promotion.","datan\common\body38_qrso.gx"
"nova_frame_body4_kpr","Frame","UnitParts/Bodies","1","numeric_slot_code","코포럴","body.top","0;0.175081;0","0;0.15188;0.146553","0;0;0","0;0;0","1","5","7","xfi_body_top_socket_candidate","Body XFI transform index 2 appears to be the top/firepower socket. Runtime still needs a frame-top socket field before direct asset promotion.","datan\common\body4_kpr.gx"
"nova_frame_body5_skms","Frame","UnitParts/Bodies","1","numeric_slot_code","스쿼미쉬","body.top","0;0.268427;0","-0.001425;0.285224;-0.046139","0;0;0","0;0;0","1","5","7","xfi_body_top_socket_candidate","Body XFI transform index 2 appears to be the top/firepower socket. Runtime still needs a frame-top socket field before direct asset promotion.","datan\common\body5_skms.gx"
"nova_frame_body51_pomsx","Frame","UnitParts/Bodies","1","numeric_slot_code","","","0;0.475;0","","0;0;0","0;0;0","1","0","0","xfi_reference_only","XFI parsed but no direct single-field alignment mapping is proven.","datan\common\body51_pomsx.gx"
"nova_frame_body52_onmsx","Frame","UnitParts/Bodies","1","numeric_slot_code","","","0;0.475;0","","0;0;0","0;0;0","1","0","0","xfi_reference_only","XFI parsed but no direct single-field alignment mapping is proven.","datan\common\body52_onmsx.gx"
"nova_frame_body53_ozsx","Frame","UnitParts/Bodies","1","numeric_slot_code","","","0;0.475;0","","0;0;0","0;0;0","1","0","0","xfi_reference_only","XFI parsed but no direct single-field alignment mapping is proven.","datan\common\body53_ozsx.gx"
"nova_frame_body54_ooto","Frame","UnitParts/Bodies","1","numeric_slot_code","","body.top","0;0.25387;0","0;0.407001;-1.2501","0;0;0","0;0;0","1","5","7","xfi_body_top_socket_candidate","Body XFI transform index 2 appears to be the top/firepower socket. Runtime still needs a frame-top socket field before direct asset promotion.","datan\common\body54_ooto.gx"
"nova_frame_body55_sqk","Frame","UnitParts/Bodies","1","numeric_slot_code","","body.top","0;0.138037;0","-0.000003;-0.000051;0.000023","0;0;0","0;0;0","1","5","7","xfi_body_top_socket_candidate","Body XFI transform index 2 appears to be the top/firepower socket. Runtime still needs a frame-top socket field before direct asset promotion.","datan\common\body55_sqk.gx"
"nova_frame_body56_brk","Frame","UnitParts/Bodies","1","numeric_slot_code","","body.top","0;0.230444;0","0.000125;0.297855;0.271387","0;0;0","0;0;0","1","5","7","xfi_body_top_socket_candidate","Body XFI transform index 2 appears to be the top/firepower socket. Runtime still needs a frame-top socket field before direct asset promotion.","datan\common\body56_brk.gx"
"nova_frame_body57_kpk","Frame","UnitParts/Bodies","1","numeric_slot_code","","body.top","0;0.157555;0","0;0.15188;0.146553","0;0;0","0;0;0","1","5","7","xfi_body_top_socket_candidate","Body XFI transform index 2 appears to be the top/firepower socket. Runtime still needs a frame-top socket field before direct asset promotion.","datan\common\body57_kpk.gx"
"nova_frame_body58_scrs","Frame","UnitParts/Bodies","1","numeric_slot_code","","body.top","0;0.30446;0","0;0.225566;-0.080293","0;0;0","0;0;0","1","5","7","xfi_body_top_socket_candidate","Body XFI transform index 2 appears to be the top/firepower socket. Runtime still needs a frame-top socket field before direct asset promotion.","datan\common\body58_scrs.gx"
"nova_frame_body59_hrot","Frame","UnitParts/Bodies","1","numeric_slot_code","","body.top","0;0.186459;0","0;0;0","0;0;0","0;0;0","1","5","7","xfi_body_top_socket_candidate","Body XFI transform index 2 appears to be the top/firepower socket. Runtime still needs a frame-top socket field before direct asset promotion.","datan\common\body59_hrot.gx"
"nova_frame_body6_skd","Frame","UnitParts/Bodies","1","numeric_slot_code","스쿼드","body.top","0;0.227685;0","-0.000003;-0.000051;0.000023","0;0;0","0;0;0","1","5","7","xfi_body_top_socket_candidate","Body XFI transform index 2 appears to be the top/firepower socket. Runtime still needs a frame-top socket field before direct asset promotion.","datan\common\body6_skd.gx"
"nova_frame_body60_optr","Frame","UnitParts/Bodies","1","numeric_slot_code","","body.top","0;0.475;0","0;0;0","0;0;0","0;0;0","1","5","7","xfi_body_top_socket_candidate","Body XFI transform index 2 appears to be the top/firepower socket. Runtime still needs a frame-top socket field before direct asset promotion.","datan\common\body60_optr.gx"
"nova_frame_body61_bsk","Frame","UnitParts/Bodies","1","numeric_slot_code","","body.top","0;0.232861;0","0;0;0","0;0;0","0;0;0","1","5","7","xfi_body_top_socket_candidate","Body XFI transform index 2 appears to be the top/firepower socket. Runtime still needs a frame-top socket field before direct asset promotion.","datan\common\body61_bsk.gx"
"nova_frame_body62_cmd","Frame","UnitParts/Bodies","1","numeric_slot_code","","body.top","0;0.222942;0","0;0.252702;-0.108466","0;0;0","0;0;0","1","5","7","xfi_body_top_socket_candidate","Body XFI transform index 2 appears to be the top/firepower socket. Runtime still needs a frame-top socket field before direct asset promotion.","datan\common\body62_cmd.gx"
"nova_frame_body63_vts","Frame","UnitParts/Bodies","1","numeric_slot_code","","body.top","0;0.14184;0","0;0.252702;-0.108466","0;0;0","0;0;0","1","5","7","xfi_body_top_socket_candidate","Body XFI transform index 2 appears to be the top/firepower socket. Runtime still needs a frame-top socket field before direct asset promotion.","datan\common\body63_vts.gx"
"nova_frame_body7_mops","Frame","UnitParts/Bodies","1","numeric_slot_code","메인포스","body.top","0;0.182543;0","-0.000093;0.241827;0.147312","0;0;0","0;0;0","1","5","7","xfi_body_top_socket_candidate","Body XFI transform index 2 appears to be the top/firepower socket. Runtime still needs a frame-top socket field before direct asset promotion.","datan\common\body7_mops.gx"
"nova_frame_body8_brc","Frame","UnitParts/Bodies","1","numeric_slot_code","블릿츠","body.top","0;0.21267;0","0.000125;0.297855;0.271387","0;0;0","0;0;0","1","5","7","xfi_body_top_socket_candidate","Body XFI transform index 2 appears to be the top/firepower socket. Runtime still needs a frame-top socket field before direct asset promotion.","datan\common\body8_brc.gx"
"nova_frame_body9_btro","Frame","UnitParts/Bodies","1","numeric_slot_code","바탈리언","body.top","0;0.227391;0","0;-0.001038;0","0;0;0","0;0;0","1","5","7","xfi_body_top_socket_candidate","Body XFI transform index 2 appears to be the top/firepower socket. Runtime still needs a frame-top socket field before direct asset promotion.","datan\common\body9_btro.gx"
"nova_frame_g_body66_brk","Frame","UnitParts/Bodies","1","numeric_slot_code","","body.top","0;0.230444;0","0.000125;0.297855;0.271387","0;0;0","0;0;0","1","5","7","xfi_body_top_socket_candidate","Body XFI transform index 2 appears to be the top/firepower socket. Runtime still needs a frame-top socket field before direct asset promotion.","datan\common\g_body66_brk.gx"
"nova_frame_g_body67_ktn","Frame","UnitParts/Bodies","1","numeric_slot_code","","body.top","0;0.177407;0","0;0.198416;-0.019301","0;0;0","0;0;0","1","5","7","xfi_body_top_socket_candidate","Body XFI transform index 2 appears to be the top/firepower socket. Runtime still needs a frame-top socket field before direct asset promotion.","datan\common\g_body67_ktn.gx"
"nova_frame_g_body68_vts","Frame","UnitParts/Bodies","1","numeric_slot_code","","body.top","0;0.14184;0","0;0.252702;-0.108466","0;0;0","0;0;0","1","5","7","xfi_body_top_socket_candidate","Body XFI transform index 2 appears to be the top/firepower socket. Runtime still needs a frame-top socket field before direct asset promotion.","datan\common\g_body68_vts.gx"
"nova_frame_g_body69_kpk","Frame","UnitParts/Bodies","1","numeric_slot_code","","body.top","0;0.157555;0","0;0.15188;0.146553","0;0;0","0;0;0","1","5","7","xfi_body_top_socket_candidate","Body XFI transform index 2 appears to be the top/firepower socket. Runtime still needs a frame-top socket field before direct asset promotion.","datan\common\g_body69_kpk.gx"
"nova_frame_n_body39_brgod","Frame","UnitParts/Bodies","1","numeric_slot_code","브리게이드N","body.top","0;0.237763;0","0;-0.000045;0","0;0;0","0;0;0","1","5","7","xfi_body_top_socket_candidate","Body XFI transform index 2 appears to be the top/firepower socket. Runtime still needs a frame-top socket field before direct asset promotion.","datan\common\n_body39_brgod.gx"
"nova_frame_n_body40_zns","Frame","UnitParts/Bodies","1","numeric_slot_code","제니스N","body.top","0;0.185731;0","0.000012;0.307433;0.383402","0;0;0","0;0;0","1","5","7","xfi_body_top_socket_candidate","Body XFI transform index 2 appears to be the top/firepower socket. Runtime still needs a frame-top socket field before direct asset promotion.","datan\common\n_body40_zns.gx"
"nova_frame_n_body41_kmdo","Frame","UnitParts/Bodies","1","numeric_slot_code","코모도어N","body.top","0;0.167694;0","0;0.263622;-0.164758","0;0;0","0;0;0","1","5","7","xfi_body_top_socket_candidate","Body XFI transform index 2 appears to be the top/firepower socket. Runtime still needs a frame-top socket field before direct asset promotion.","datan\common\n_body41_kmdo.gx"
"nova_frame_n_body42_kdd","Frame","UnitParts/Bodies","1","numeric_slot_code","쿼더덱N","body.top","0;0.207191;0","-0.012915;0.249314;-0.308059","0;0;0","0;0;0","1","5","7","xfi_body_top_socket_candidate","Body XFI transform index 2 appears to be the top/firepower socket. Runtime still needs a frame-top socket field before direct asset promotion.","datan\common\n_body42_kdd.gx"
"nova_frame_n_body43_prt","Frame","UnitParts/Bodies","1","numeric_slot_code","플래툰N","body.top","0;0.219834;0","0.000838;0.000012;0.000017","0;0;0","0;0;0","1","5","7","xfi_body_top_socket_candidate","Body XFI transform index 2 appears to be the top/firepower socket. Runtime still needs a frame-top socket field before direct asset promotion.","datan\common\n_body43_prt.gx"
"nova_frame_n_body44_brps","Frame","UnitParts/Bodies","1","numeric_slot_code","플랫피쉬N","body.top","0;0.223035;0","-0.001532;0.334217;0.483486","0;0;0","0;0;0","1","5","7","xfi_body_top_socket_candidate","Body XFI transform index 2 appears to be the top/firepower socket. Runtime still needs a frame-top socket field before direct asset promotion.","datan\common\n_body44_brps.gx"
"nova_frame_n_body45_scro","Frame","UnitParts/Bodies","1","numeric_slot_code","","body.top","0;0.24537;0","0.000035;0.313408;0.167848","0;0;0","0;0;0","1","5","7","xfi_body_top_socket_candidate","Body XFI transform index 2 appears to be the top/firepower socket. Runtime still needs a frame-top socket field before direct asset promotion.","datan\common\n_body45_scro.gx"
"nova_frame_n_body46_spd","Frame","UnitParts/Bodies","1","numeric_slot_code","","body.top","0;0.181097;0","0;0.158;0","0;0;0","0;0;0","1","5","7","xfi_body_top_socket_candidate","Body XFI transform index 2 appears to be the top/firepower socket. Runtime still needs a frame-top socket field before direct asset promotion.","datan\common\n_body46_spd.gx"
"nova_frame_n_body47_kp","Frame","UnitParts/Bodies","1","numeric_slot_code","킹핀N","body.top","0;0.239961;0","0;0;0","0;0;0","0;0;0","1","5","7","xfi_body_top_socket_candidate","Body XFI transform index 2 appears to be the top/firepower socket. Runtime still needs a frame-top socket field before direct asset promotion.","datan\common\n_body47_kp.gx"
"nova_frame_n_body48_grbs","Frame","UnitParts/Bodies","1","numeric_slot_code","그라비스N","body.top","0;0.181774;0","-0.000007;0.262915;0.361663","0;0;0","0;0;0","1","5","7","xfi_body_top_socket_candidate","Body XFI transform index 2 appears to be the top/firepower socket. Runtime still needs a frame-top socket field before direct asset promotion.","datan\common\n_body48_grbs.gx"
"nova_frame_n_body49_rzmt","Frame","UnitParts/Bodies","1","numeric_slot_code","레지먼트N","body.top","0;0.280906;0","0;-0.000336;0","0;0;0","0;0;0","1","5","7","xfi_body_top_socket_candidate","Body XFI transform index 2 appears to be the top/firepower socket. Runtime still needs a frame-top socket field before direct asset promotion.","datan\common\n_body49_rzmt.gx"
"nova_frame_n_body50_bgd","Frame","UnitParts/Bodies","1","numeric_slot_code","뱅가드N","body.top","0;0.165252;0","-0.000006;0.312451;0.16447","0;0;0","0;0;0","1","5","7","xfi_body_top_socket_candidate","Body XFI transform index 2 appears to be the top/firepower socket. Runtime still needs a frame-top socket field before direct asset promotion.","datan\common\n_body50_bgd.gx"
"nova_frame_no21_body","Frame","UnitParts/Bodies","1","numeric_slot_code","","body.top","0;0.227794;0","0;0;0","0;0;0","0;0;0","1","5","5","xfi_body_top_socket_candidate","Body XFI transform index 2 appears to be the top/firepower socket. Runtime still needs a frame-top socket field before direct asset promotion.","datan\common\no21-body.GX"
"nova_frame_ss0_body64_prt","Frame","UnitParts/Bodies","body","named_attach_slot","","","0;0.421782;0","","0;0;0","0;0;0","1","1","7","xfi_reference_only","XFI parsed but no direct single-field alignment mapping is proven.","datan\common\ss0_body64_prt.GX"
"nova_frame_ss0_body65_brk","Frame","UnitParts/Bodies","body","named_attach_slot","","","0;0.129763;0","","0;0;0","0;0;0","1","1","7","xfi_reference_only","XFI parsed but no direct single-field alignment mapping is proven.","datan\common\ss0_body65_brk.GX"
"nova_mob_g_legs35_prg","Mobility","UnitParts/Legs","0","numeric_slot_code","","legs.body","0;0.130818;0","0;0;0","0;0;0","0;0;0","1","1","7","xfi_leg_body_socket_candidate","Leg XFI transform index 0 appears to be the body attach socket.","datan\common\g_legs35_prg.gx"
"nova_mob_g_legs36_oprd","Mobility","UnitParts/Legs","0","numeric_slot_code","","legs.body","0;0.147483;0","0;0.000048;0","0;0;0","0;0;0","1","1","7","xfi_leg_body_socket_candidate","Leg XFI transform index 0 appears to be the body attach socket.","datan\common\g_legs36_oprd.gx"
"nova_mob_g_legs37_sts","Mobility","UnitParts/Legs","0","numeric_slot_code","스타쉽G","legs.body","0;0.2888;0","0;-0.016189;0","0;0;0","0;0;0","1","1","7","xfi_leg_body_socket_candidate","Leg XFI transform index 0 appears to be the body attach socket.","datan\common\g_legs37_sts.gx"
"nova_mob_g_legs57_ppo","Mobility","UnitParts/Legs","0","numeric_slot_code","","legs.body","0;0.126258;0","0;0;0","0;0;0","0;0;0","1","1","7","xfi_leg_body_socket_candidate","Leg XFI transform index 0 appears to be the body attach socket.","datan\common\g_legs57_ppo.gx"
"nova_mob_g_legs58_pps","Mobility","UnitParts/Legs","0","numeric_slot_code","","legs.body","0;0.45;0","0;0;0","0;0;0","0;0;0","1","1","7","xfi_leg_body_socket_candidate","Leg XFI transform index 0 appears to be the body attach socket.","datan\common\g_legs58_pps.gx"
"nova_mob_g_legs59_hb","Mobility","UnitParts/Legs","0","numeric_slot_code","","legs.body","0;0.250047;0","0;0;0","0;0;0","0;0;0","1","1","7","xfi_leg_body_socket_candidate","Leg XFI transform index 0 appears to be the body attach socket.","datan\common\g_legs59_hb.gx"
"nova_mob_g_legs60_hord","Mobility","UnitParts/Legs","0","numeric_slot_code","","legs.body","0;0.45;0","0;0.000173;0","0;0;0","0;0;0","1","1","7","xfi_leg_body_socket_candidate","Leg XFI transform index 0 appears to be the body attach socket.","datan\common\g_legs60_hord.gx"
"nova_mob_legs1_rdrn","Mobility","UnitParts/Legs","0","numeric_slot_code","로드런너","legs.body","0;0.122926;0","0;-0.000192;0.000328","0;0;0","0;0;0","1","1","7","xfi_leg_body_socket_candidate","Leg XFI transform index 0 appears to be the body attach socket.","datan\common\legs1_rdrn.gx"
"nova_mob_legs10_prg","Mobility","UnitParts/Legs","0","numeric_slot_code","프리깃","legs.body","0;0.130818;0","0;0;0","0;0;0","0;0;0","1","1","7","xfi_leg_body_socket_candidate","Leg XFI transform index 0 appears to be the body attach socket.","datan\common\legs10_prg.gx"
"nova_mob_legs11_strod","Mobility","UnitParts/Legs","0","numeric_slot_code","스트라이더","legs.body","0;0.286427;0","0;0;0","0;0;0","0;0;0","1","1","7","xfi_leg_body_socket_candidate","Leg XFI transform index 0 appears to be the body attach socket.","datan\common\legs11_strod.gx"
"nova_mob_legs112","Mobility","UnitParts/Legs","0","numeric_slot_code","","legs.body","0;0.131409;0","0;0;0","0;0;0","0;0;0","1","1","5","xfi_leg_body_socket_candidate","Leg XFI transform index 0 appears to be the body attach socket.","datan\common\legs112.gx"
"nova_mob_legs12_kb","Mobility","UnitParts/Legs","0","numeric_slot_code","코벳","legs.body","0;0.096798;0","-0.000117;0.065044;0.095966","0;0;0","0;0;0","1","1","7","xfi_leg_body_socket_candidate","Leg XFI transform index 0 appears to be the body attach socket.","datan\common\legs12_kb.gx"
"nova_mob_legs13_krz","Mobility","UnitParts/Legs","0","numeric_slot_code","크루저","legs.body","0;0.328251;0","0.000147;0.051711;0.120287","0;0;0","0;0;0","1","1","7","xfi_leg_body_socket_candidate","Leg XFI transform index 0 appears to be the body attach socket.","datan\common\legs13_krz.gx"
"nova_mob_legs14_grp","Mobility","UnitParts/Legs","0","numeric_slot_code","갤로퍼","legs.body","0;0.45;0","-0.000009;0.002979;0.000017","0;0;0","0;0;0","1","1","7","xfi_leg_body_socket_candidate","Leg XFI transform index 0 appears to be the body attach socket.","datan\common\legs14_grp.gx"
"nova_mob_legs15_krr","Mobility","UnitParts/Legs","0","numeric_slot_code","크롤러","legs.body","0;0.27515;0","0;0.00026;0","0;0;0","0;0;0","1","1","7","xfi_leg_body_socket_candidate","Leg XFI transform index 0 appears to be the body attach socket.","datan\common\legs15_krr.gx"
"nova_mob_legs16_sprt","Mobility","UnitParts/Legs","0","numeric_slot_code","스플리터","legs.body","0;0.45;0","0;0.000048;0","0;0;0","0;0;0","1","1","7","xfi_leg_body_socket_candidate","Leg XFI transform index 0 appears to be the body attach socket.","datan\common\legs16_sprt.gx"
"nova_mob_legs17_oprd","Mobility","UnitParts/Legs","0","numeric_slot_code","오프로더","legs.body","0;0.147483;0","-0.000023;0.026539;0.001369","0;0;0","0;0;0","1","1","7","xfi_leg_body_socket_candidate","Leg XFI transform index 0 appears to be the body attach socket.","datan\common\legs17_oprd.gx"
"nova_mob_legs18_hord","Mobility","UnitParts/Legs","0","numeric_slot_code","하이로더","legs.body","0;0.45;0","0;0.000173;0","0;0;0","0;0;0","1","1","7","xfi_leg_body_socket_candidate","Leg XFI transform index 0 appears to be the body attach socket.","datan\common\legs18_hord.gx"
"nova_mob_legs19_tower","Mobility","UnitParts/Legs","0","numeric_slot_code","","legs.body","0;0.175362;0","0.000935;0.791509;0.056508","0;0;0","0;0;0","1","1","7","xfi_leg_body_socket_candidate","Leg XFI transform index 0 appears to be the body attach socket.","datan\common\legs19_tower.gx"
"nova_mob_legs2_tdr","Mobility","UnitParts/Legs","0","numeric_slot_code","토들러","legs.body","0;0.45;0","0;0.004239;-0.000055","0;0;0","0;0;0","1","1","7","xfi_leg_body_socket_candidate","Leg XFI transform index 0 appears to be the body attach socket.","datan\common\legs2_tdr.gx"
"nova_mob_legs20_spod","Mobility","UnitParts/Legs","0","numeric_slot_code","스파이더","legs.body","0;0.341668;0","0;0.000046;0","0;0;0","0;0;0","1","1","7","xfi_leg_body_socket_candidate","Leg XFI transform index 0 appears to be the body attach socket.","datan\common\legs20_spod.gx"
"nova_mob_legs21_ksor","Mobility","UnitParts/Legs","0","numeric_slot_code","카소와리","legs.body","0;0.156423;0","0;0;0","0;0;0","0;0;0","1","1","7","xfi_leg_body_socket_candidate","Leg XFI transform index 0 appears to be the body attach socket.","datan\common\legs21_ksor.gx"
"nova_mob_legs23_tk","Mobility","UnitParts/Legs","0","numeric_slot_code","탱커","legs.body","0;0.329309;0","-0.000001;0.002129;0","0;0;0","0;0;0","1","1","7","xfi_leg_body_socket_candidate","Leg XFI transform index 0 appears to be the body attach socket.","datan\common\legs23_tk.gx"
"nova_mob_legs24_sts","Mobility","UnitParts/Legs","0","numeric_slot_code","스타쉽","legs.body","0;0.2888;0","0;-0.016189;0","0;0;0","0;0;0","1","1","7","xfi_leg_body_socket_candidate","Leg XFI transform index 0 appears to be the body attach socket.","datan\common\legs24_sts.gx"
"nova_mob_legs25_kd","Mobility","UnitParts/Legs","0","numeric_slot_code","쿼더","legs.body","0;0.169131;0","0;0;0","0;0;0","0;0;0","1","1","7","xfi_leg_body_socket_candidate","Leg XFI transform index 0 appears to be the body attach socket.","datan\common\legs25_kd.gx"
"nova_mob_legs26_tower","Mobility","UnitParts/Legs","0","numeric_slot_code","","legs.body","0;0.174933;0","0.001798;0.749364;0.004012","0;0;0","0;0;0","1","1","7","xfi_leg_body_socket_candidate","Leg XFI transform index 0 appears to be the body attach socket.","datan\common\legs26_tower.gx"
"nova_mob_legs3_ktpr","Mobility","UnitParts/Legs","0","numeric_slot_code","캐터필러","legs.body","0;0.234449;0","-0.000838;-0.00238;-0.000013","0;0;0","0;0;0","1","1","7","xfi_leg_body_socket_candidate","Leg XFI transform index 0 appears to be the body attach socket.","datan\common\legs3_ktpr.gx"
"nova_mob_legs34_dpns","Mobility","UnitParts/Legs","0","numeric_slot_code","델피누스","legs.body","0;0.274915;0","0;0.000046;0","0;0;0","0;0;0","1","1","7","xfi_leg_body_socket_candidate","Leg XFI transform index 0 appears to be the body attach socket.","datan\common\legs34_dpns.gx"
"nova_mob_legs4_kt","Mobility","UnitParts/Legs","0","numeric_slot_code","캔터","legs.body","0;0.344245;0","0.000437;0.000005;-0.00001","0;0;0","0;0;0","1","1","7","xfi_leg_body_socket_candidate","Leg XFI transform index 0 appears to be the body attach socket.","datan\common\legs4_kt.gx"
"nova_mob_legs47_tower2","Mobility","UnitParts/Legs","0","numeric_slot_code","","legs.body","0;0.377354;0","-0.003885;1.062442;-0.238109","0;0;0","0;0;0","1","1","7","xfi_leg_body_socket_candidate","Leg XFI transform index 0 appears to be the body attach socket.","datan\common\legs47_tower2.gx"
"nova_mob_legs48_tower2","Mobility","UnitParts/Legs","0","numeric_slot_code","","legs.body","0;0.264707;0","0;0.703466;0","0;0;0","0;0;0","1","1","7","xfi_leg_body_socket_candidate","Leg XFI transform index 0 appears to be the body attach socket.","datan\common\legs48_tower2.gx"
"nova_mob_legs49_otrs","Mobility","UnitParts/Legs","0","numeric_slot_code","","legs.body","0;0.410187;0","0;0;0","0;0;0","0;0;0","1","1","7","xfi_leg_body_socket_candidate","Leg XFI transform index 0 appears to be the body attach socket.","datan\common\legs49_otrs.gx"
"nova_mob_legs5_ko","Mobility","UnitParts/Legs","0","numeric_slot_code","키위","legs.body","0;0.103334;0","0;0.016249;0.000022","0;0;0","0;0;0","1","1","7","xfi_leg_body_socket_candidate","Leg XFI transform index 0 appears to be the body attach socket.","datan\common\legs5_ko.gx"
"nova_mob_legs50_pps","Mobility","UnitParts/Legs","0","numeric_slot_code","","legs.body","0;0.45;0","0;0;0","0;0;0","0;0;0","1","1","7","xfi_leg_body_socket_candidate","Leg XFI transform index 0 appears to be the body attach socket.","datan\common\legs50_pps.gx"
"nova_mob_legs51_ppo","Mobility","UnitParts/Legs","0","numeric_slot_code","","legs.body","0;0.126258;0","0;0;0","0;0;0","0;0;0","1","1","7","xfi_leg_body_socket_candidate","Leg XFI transform index 0 appears to be the body attach socket.","datan\common\legs51_ppo.gx"
"nova_mob_legs52_pkk","Mobility","UnitParts/Legs","0","numeric_slot_code","","legs.body","0;0.157526;0","0;0;0","0;0;0","0;0;0","1","1","7","xfi_leg_body_socket_candidate","Leg XFI transform index 0 appears to be the body attach socket.","datan\common\legs52_pkk.gx"
"nova_mob_legs53_rgd","Mobility","UnitParts/Legs","0","numeric_slot_code","","legs.body","0;0.139529;0","0;0.000046;0","0;0;0","0;0;0","1","1","7","xfi_leg_body_socket_candidate","Leg XFI transform index 0 appears to be the body attach socket.","datan\common\legs53_rgd.gx"
"nova_mob_legs54_ros","Mobility","UnitParts/Legs","0","numeric_slot_code","","legs.body","0;0.414655;0","0;0.000046;0","0;0;0","0;0;0","1","1","7","xfi_leg_body_socket_candidate","Leg XFI transform index 0 appears to be the body attach socket.","datan\common\legs54_ros.gx"
"nova_mob_legs6_ok","Mobility","UnitParts/Legs","0","numeric_slot_code","워커","legs.body","0;0.45;0","0.000013;-0.00348;0","0;0;0","0;0;0","1","1","7","xfi_leg_body_socket_candidate","Leg XFI transform index 0 appears to be the body attach socket.","datan\common\legs6_ok.gx"
"nova_mob_legs7_hb","Mobility","UnitParts/Legs","0","numeric_slot_code","호버","legs.body","0;0.250047;0","0;0;0","0;0;0","0;0;0","1","1","7","xfi_leg_body_socket_candidate","Leg XFI transform index 0 appears to be the body attach socket.","datan\common\legs7_hb.gx"
"nova_mob_legs8_obr","Mobility","UnitParts/Legs","0","numeric_slot_code","앰블러","legs.body","0;0.321129;0","-0.000074;0.015665;-0.000016","0;0;0","0;0;0","1","1","7","xfi_leg_body_socket_candidate","Leg XFI transform index 0 appears to be the body attach socket.","datan\common\legs8_obr.gx"
"nova_mob_legs9_ptr","Mobility","UnitParts/Legs","0","numeric_slot_code","패트롤","legs.body","0;0.108916;0","-0.000197;-0.095746;0.339712","0;0;0","0;0;0","1","1","7","xfi_leg_body_socket_candidate","Leg XFI transform index 0 appears to be the body attach socket.","datan\common\legs9_ptr.gx"
"nova_mob_n_legs38_grp","Mobility","UnitParts/Legs","0","numeric_slot_code","갤로퍼N","legs.body","0;0.45;0","-0.000009;0.002979;0.000017","0;0;0","0;0;0","1","1","7","xfi_leg_body_socket_candidate","Leg XFI transform index 0 appears to be the body attach socket.","datan\common\n_legs38_grp.gx"
"nova_mob_n_legs39_wk","Mobility","UnitParts/Legs","0","numeric_slot_code","워커N","legs.body","0;0.45;0","0.000013;-0.00348;0","0;0;0","0;0;0","1","1","7","xfi_leg_body_socket_candidate","Leg XFI transform index 0 appears to be the body attach socket.","datan\common\n_legs39_wk.gx"
"nova_mob_n_legs40_krz","Mobility","UnitParts/Legs","0","numeric_slot_code","크루저N","legs.body","0;0.328251;0","0.000147;0.051711;0.120287","0;0;0","0;0;0","1","1","7","xfi_leg_body_socket_candidate","Leg XFI transform index 0 appears to be the body attach socket.","datan\common\n_legs40_krz.gx"
"nova_mob_n_legs41_tdr","Mobility","UnitParts/Legs","0","numeric_slot_code","토들러N","legs.body","0;0.45;0","0;0.004239;-0.000055","0;0;0","0;0;0","1","1","7","xfi_leg_body_socket_candidate","Leg XFI transform index 0 appears to be the body attach socket.","datan\common\n_legs41_tdr.gx"
"nova_mob_n_legs42_krr","Mobility","UnitParts/Legs","0","numeric_slot_code","크롤러N","legs.body","0;0.27515;0","0;0.00026;0","0;0;0","0;0;0","1","1","7","xfi_leg_body_socket_candidate","Leg XFI transform index 0 appears to be the body attach socket.","datan\common\n_legs42_krr.gx"
"nova_mob_n_legs43_ptr","Mobility","UnitParts/Legs","0","numeric_slot_code","","legs.body","0;0.108916;0","-0.000197;-0.095746;0.339712","0;0;0","0;0;0","1","1","7","xfi_leg_body_socket_candidate","Leg XFI transform index 0 appears to be the body attach socket.","datan\common\n_legs43_ptr.gx"
"nova_mob_n_legs44_hord","Mobility","UnitParts/Legs","0","numeric_slot_code","하이로더N","legs.body","0;0.45;0","0;0.000173;0","0;0;0","0;0;0","1","1","7","xfi_leg_body_socket_candidate","Leg XFI transform index 0 appears to be the body attach socket.","datan\common\n_legs44_hord.gx"
"nova_mob_n_legs45_strod","Mobility","UnitParts/Legs","0","numeric_slot_code","스트라이더N","legs.body","0;0.286427;0","0;0;0","0;0;0","0;0;0","1","1","7","xfi_leg_body_socket_candidate","Leg XFI transform index 0 appears to be the body attach socket.","datan\common\n_legs45_strod.gx"
"nova_mob_n_legs46_sprt","Mobility","UnitParts/Legs","0","numeric_slot_code","스플리터N","legs.body","0;0.45;0","0;0.000048;0","0;0;0","0;0;0","1","1","7","xfi_leg_body_socket_candidate","Leg XFI transform index 0 appears to be the body attach socket.","datan\common\n_legs46_sprt.gx"
"nova_mob_no21_legs","Mobility","UnitParts/Legs","0","numeric_slot_code","","legs.body","0;0.448245;0","0;0;0","0;0;0","0;0;0","1","1","5","xfi_leg_body_socket_candidate","Leg XFI transform index 0 appears to be the body attach socket.","datan\common\no21-legs.GX"
"nova_mob_s_legs27_ksor","Mobility","UnitParts/Legs","0","numeric_slot_code","카소와리S","legs.body","0;0.156423;0","0;0;0","0;0;0","0;0;0","1","1","7","xfi_leg_body_socket_candidate","Leg XFI transform index 0 appears to be the body attach socket.","datan\common\s_legs27_ksor.gx"
"nova_mob_s_legs28_krz","Mobility","UnitParts/Legs","0","numeric_slot_code","크루저S","legs.body","0;0.328251;0","0.000147;0.051711;0.120287","0;0;0","0;0;0","1","1","7","xfi_leg_body_socket_candidate","Leg XFI transform index 0 appears to be the body attach socket.","datan\common\s_legs28_krz.gx"
"nova_mob_s_legs29_sprt","Mobility","UnitParts/Legs","0","numeric_slot_code","스플리터S","legs.body","0;0.45;0","0;0.000048;0","0;0;0","0;0;0","1","1","7","xfi_leg_body_socket_candidate","Leg XFI transform index 0 appears to be the body attach socket.","datan\common\s_legs29_sprt.gx"
"nova_mob_s_legs30_tk","Mobility","UnitParts/Legs","0","numeric_slot_code","탱커S","legs.body","0;0.329309;0","-0.000001;0.002129;0","0;0;0","0;0;0","1","1","7","xfi_leg_body_socket_candidate","Leg XFI transform index 0 appears to be the body attach socket.","datan\common\s_legs30_tk.gx"
"nova_mob_s_legs31_ko","Mobility","UnitParts/Legs","0","numeric_slot_code","키위S","legs.body","0;0.103334;0","0;0.016249;0.000022","0;0;0","0;0;0","1","1","7","xfi_leg_body_socket_candidate","Leg XFI transform index 0 appears to be the body attach socket.","datan\common\s_legs31_ko.gx"
"nova_mob_s_legs32_kb","Mobility","UnitParts/Legs","0","numeric_slot_code","코벳S","legs.body","0;0.096798;0","-0.000117;0.065044;0.095966","0;0;0","0;0;0","1","1","7","xfi_leg_body_socket_candidate","Leg XFI transform index 0 appears to be the body attach socket.","datan\common\s_legs32_kb.gx"
"nova_mob_s_legs33_spod","Mobility","UnitParts/Legs","0","numeric_slot_code","스파이더S","legs.body","0;0.341668;0","0;0.000046;0","0;0;0","0;0;0","1","1","7","xfi_leg_body_socket_candidate","Leg XFI transform index 0 appears to be the body attach socket.","datan\common\s_legs33_spod.gx"
"nova_mob_ss0_legs55_krz","Mobility","UnitParts/Legs","legs","named_attach_slot","","legs.body","0;0.098807;0","0;0;-0.095","0;0;0","0;0;0","1","1","7","xfi_leg_body_socket_candidate","Leg XFI transform index 0 appears to be the body attach socket.","datan\common\ss0_legs55_krz.GX"
"nova_mob_ss0_legs56_otrs","Mobility","UnitParts/Legs","legs","named_attach_slot","","legs.body","0;0.246488;0","0;0.2;-0.06","0;0;0","0;0;0","1","1","7","xfi_leg_body_socket_candidate","Leg XFI transform index 0 appears to be the body attach socket.","datan\common\ss0_legs56_otrs.GX"
