"partId","slot","category","source_relative_path","originalCode","originalName","model_path","vertices","triangles","tier","displayName","needsNameReview","modelExists","playableStatus","baseHp","baseAttackSpeed","baseMoveRange","attackDamage","attackSpeed","range","hpBonus","moveRange","anchorRange"
"nova_fire_arm1_sz","Firepower","UnitParts/ArmWeapons","datan\common\arm1_sz.gx","3001","시즈","Assets/Art/Nova1492/GXConverted/Models/UnitParts/ArmWeapons/datan_common_arm1_sz_5fce3a7e.obj","123","131","1","시즈","False","True","generated","","","","24","1.32","4.75","","",""
"nova_fire_arm10_broz","Firepower","UnitParts/ArmWeapons","datan\common\arm10_broz.gx","3010","블레이즈","Assets/Art/Nova1492/GXConverted/Models/UnitParts/ArmWeapons/datan_common_arm10_broz_8151f977.obj","156","176","1","블레이즈","False","True","generated","","","","24","1.32","4.75","","",""
"nova_fire_arm11_poms","Firepower","UnitParts/ArmWeapons","datan\common\arm11_poms.gx","3011","파워맥스","Assets/Art/Nova1492/GXConverted/Models/UnitParts/ArmWeapons/datan_common_arm11_poms_3a4be2f0.obj","73","91","1","파워맥스","False","True","generated","","","","24","1.32","4.75","","",""
"nova_fire_arm12_onms","Firepower","UnitParts/ArmWeapons","datan\common\arm12_onms.gx","3012","에너맥스","Assets/Art/Nova1492/GXConverted/Models/UnitParts/ArmWeapons/datan_common_arm12_onms_efa25324.obj","104","106","1","에너맥스","False","True","generated","","","","24","1.32","4.75","","",""
"nova_fire_arm13_prs","Firepower","UnitParts/ArmWeapons","datan\common\arm13_prs.gx","3013","팔랑스","Assets/Art/Nova1492/GXConverted/Models/UnitParts/ArmWeapons/datan_common_arm13_prs_506c6fbf.obj","272","216","2","팔랑스","False","True","generated","","","","32","1.19","5.5","","",""
"nova_fire_arm15_hdkn","Firepower","UnitParts/ArmWeapons","datan\common\arm15_hdkn.gx","3015","핸드케넌","Assets/Art/Nova1492/GXConverted/Models/UnitParts/ArmWeapons/datan_common_arm15_hdkn_75ab9b21.obj","373","321","3","핸드케넌","False","True","generated","","","","40","1.06","6.25","","",""
"nova_fire_arm17_prrs","Firepower","UnitParts/ArmWeapons","datan\common\arm17_prrs.gx","3017","프롤릭스","Assets/Art/Nova1492/GXConverted/Models/UnitParts/ArmWeapons/datan_common_arm17_prrs_13e8b933.obj","240","266","2","프롤릭스","False","True","generated","","","","32","1.19","5.5","","",""
"nova_fire_arm18_knst","Firepower","UnitParts/ArmWeapons","datan\common\arm18_knst.gx","3018","캐니스터","Assets/Art/Nova1492/GXConverted/Models/UnitParts/ArmWeapons/datan_common_arm18_knst_c1fdf073.obj","244","232","2","캐니스터","False","True","generated","","","","32","1.19","5.5","","",""
"nova_fire_arm19_roz","Firepower","UnitParts/ArmWeapons","datan\common\arm19_roz.gx","3019","레이저","Assets/Art/Nova1492/GXConverted/Models/UnitParts/ArmWeapons/datan_common_arm19_roz_611f470e.obj","246","260","2","레이저","False","True","generated","","","","32","1.19","5.5","","",""
"nova_fire_arm20_rkto","Firepower","UnitParts/ArmWeapons","datan\common\arm20_rkto.gx","3020","로켓티어","Assets/Art/Nova1492/GXConverted/Models/UnitParts/ArmWeapons/datan_common_arm20_rkto_aae07f0f.obj","264","328","3","로켓티어","False","True","generated","","","","40","1.06","6.25","","",""
"nova_fire_arm21_nmsz","Firepower","UnitParts/ArmWeapons","datan\common\arm21_nmsz.gx","3021","네메시즈","Assets/Art/Nova1492/GXConverted/Models/UnitParts/ArmWeapons/datan_common_arm21_nmsz_3025b871.obj","234","199","1","네메시즈","False","True","generated","","","","24","1.32","4.75","","",""
"nova_fire_arm22_bsrsk","Firepower","UnitParts/ArmWeapons","datan\common\arm22_bsrsk.gx","3022","바실리스크","Assets/Art/Nova1492/GXConverted/Models/UnitParts/ArmWeapons/datan_common_arm22_bsrsk_bc100de3.obj","277","210","2","바실리스크","False","True","generated","","","","32","1.19","5.5","","",""
"nova_fire_arm23_rkog","Firepower","UnitParts/ArmWeapons","datan\common\arm23_rkog.gx","3023","리코일건","Assets/Art/Nova1492/GXConverted/Models/UnitParts/ArmWeapons/datan_common_arm23_rkog_8b60d926.obj","628","394","4","리코일건","False","True","generated","","","","48","0.93","7","","",""
"nova_fire_arm24_bzk","Firepower","UnitParts/ArmWeapons","datan\common\arm24_bzk.gx","3024","바주카","Assets/Art/Nova1492/GXConverted/Models/UnitParts/ArmWeapons/datan_common_arm24_bzk_2d7ab4fb.obj","566","444","4","바주카","False","True","generated","","","","48","0.93","7","","",""
"nova_fire_arm25_skoob","Firepower","UnitParts/ArmWeapons","datan\common\arm25_skoob.gx","3025","쇼크웨이브","Assets/Art/Nova1492/GXConverted/Models/UnitParts/ArmWeapons/datan_common_arm25_skoob_229cc6db.obj","155","113","1","쇼크웨이브","False","True","generated","","","","24","1.32","4.75","","",""
"nova_fire_arm26_srmd","Firepower","UnitParts/ArmWeapons","datan\common\arm26_srmd.gx","3026","사라만다","Assets/Art/Nova1492/GXConverted/Models/UnitParts/ArmWeapons/datan_common_arm26_srmd_f4149406.obj","263","213","2","사라만다","False","True","generated","","","","32","1.19","5.5","","",""
"nova_fire_arm27_stst","Firepower","UnitParts/ArmWeapons","datan\common\arm27_stst.gx","3027","슈팅스타","Assets/Art/Nova1492/GXConverted/Models/UnitParts/ArmWeapons/datan_common_arm27_stst_62131fa9.obj","285","232","2","슈팅스타","False","True","generated","","","","32","1.19","5.5","","",""
"nova_fire_arm28_ozs","Firepower","UnitParts/ArmWeapons","datan\common\arm28_ozs.gx","3028","이지스","Assets/Art/Nova1492/GXConverted/Models/UnitParts/ArmWeapons/datan_common_arm28_ozs_ea482b30.obj","191","178","1","이지스","False","True","generated","","","","24","1.32","4.75","","",""
"nova_fire_arm29_sdbt","Firepower","UnitParts/ArmWeapons","datan\common\arm29_sdbt.gx","3029","선더볼트","Assets/Art/Nova1492/GXConverted/Models/UnitParts/ArmWeapons/datan_common_arm29_sdbt_291ce62e.obj","426","334","4","선더볼트","False","True","generated","","","","48","0.93","7","","",""
"nova_fire_arm30_sm","Firepower","UnitParts/ArmWeapons","datan\common\arm30_sm.gx","3030","서먼","Assets/Art/Nova1492/GXConverted/Models/UnitParts/ArmWeapons/datan_common_arm30_sm_359935d2.obj","120","122","1","서먼","False","True","generated","","","","24","1.32","4.75","","",""
"nova_fire_arm31_skokr","Firepower","UnitParts/ArmWeapons","datan\common\arm31_skokr.gx","3031","스카이킬러","Assets/Art/Nova1492/GXConverted/Models/UnitParts/ArmWeapons/datan_common_arm31_skokr_34910848.obj","298","324","3","스카이킬러","False","True","generated","","","","40","1.06","6.25","","",""
"nova_fire_arm32_sppoo","Firepower","UnitParts/ArmWeapons","datan\common\arm32_sppoo.gx","3032","스핏파이어","Assets/Art/Nova1492/GXConverted/Models/UnitParts/ArmWeapons/datan_common_arm32_sppoo_7cc1e4c9.obj","705","386","4","스핏파이어","False","True","generated","","","","48","0.93","7","","",""
"nova_fire_arm33_hkoo","Firepower","UnitParts/ArmWeapons","datan\common\arm33_hkoo.gx","3033","호크아이","Assets/Art/Nova1492/GXConverted/Models/UnitParts/ArmWeapons/datan_common_arm33_hkoo_2f3221a1.obj","327","265","2","호크아이","False","True","generated","","","","32","1.19","5.5","","",""
"nova_fire_arm34_skpo","Firepower","UnitParts/ArmWeapons","datan\common\arm34_skpo.gx","3034","스콜피오","Assets/Art/Nova1492/GXConverted/Models/UnitParts/ArmWeapons/datan_common_arm34_skpo_66ab9840.obj","339","319","3","스콜피오","False","True","generated","","","","40","1.06","6.25","","",""
"nova_fire_arm35_ons","Firepower","UnitParts/ArmWeapons","datan\common\arm35_ons.gx","3035","오닉스","Assets/Art/Nova1492/GXConverted/Models/UnitParts/ArmWeapons/datan_common_arm35_ons_8d7b076f.obj","330","285","3","오닉스","False","True","generated","","","","40","1.06","6.25","","",""
"nova_fire_arm36_bnso","Firepower","UnitParts/ArmWeapons","datan\common\arm36_bnso.gx","3036","버닝소울","Assets/Art/Nova1492/GXConverted/Models/UnitParts/ArmWeapons/datan_common_arm36_bnso_b047ecaf.obj","319","281","3","버닝소울","False","True","generated","","","","40","1.06","6.25","","",""
"nova_fire_arm37_sts","Firepower","UnitParts/ArmWeapons","datan\common\arm37_sts.gx","3037","스틱스","Assets/Art/Nova1492/GXConverted/Models/UnitParts/ArmWeapons/datan_common_arm37_sts_881e108b.obj","268","287","3","스틱스","False","True","generated","","","","40","1.06","6.25","","",""
"nova_fire_arm39_hmsk","Firepower","UnitParts/ArmWeapons","datan\common\arm39_hmsk.gx","3039","해머쇼크","Assets/Art/Nova1492/GXConverted/Models/UnitParts/ArmWeapons/datan_common_arm39_hmsk_40bfb86e.obj","720","496","5","해머쇼크","False","True","generated","","","","56","0.8","7.75","","",""
"nova_fire_arm4_bk","Firepower","UnitParts/ArmWeapons","datan\common\arm4_bk.gx","3004","발칸","Assets/Art/Nova1492/GXConverted/Models/UnitParts/ArmWeapons/datan_common_arm4_bk_14ec86a5.obj","168","135","1","발칸","False","True","generated","","","","24","1.32","4.75","","",""
"nova_fire_arm41_onoo","Firepower","UnitParts/ArmWeapons","datan\common\arm41_onoo.gx","3041","아누아이","Assets/Art/Nova1492/GXConverted/Models/UnitParts/ArmWeapons/datan_common_arm41_onoo_c56a3962.obj","256","292","3","아누아이","False","True","generated","","","","40","1.06","6.25","","",""
"nova_fire_arm43_przso","Firepower","UnitParts/ArmWeapons","datan\common\arm43_przso.gx","3043","프리징소울","Assets/Art/Nova1492/GXConverted/Models/UnitParts/ArmWeapons/datan_common_arm43_przso_8b357f45.obj","455","409","4","프리징소울","False","True","generated","","","","48","0.93","7","","",""
"nova_fire_arm46_dbkr","Firepower","UnitParts/ArmWeapons","datan\common\arm46_dbkr.gx","3046","데빌클로","Assets/Art/Nova1492/GXConverted/Models/UnitParts/ArmWeapons/datan_common_arm46_dbkr_c141629d.obj","653","658","5","데빌클로","False","True","generated","","","","56","0.8","7.75","","",""
"nova_fire_arm55_bbs","Firepower","UnitParts/ArmWeapons","datan\common\arm55_bbs.gx","3055","베베세","Assets/Art/Nova1492/GXConverted/Models/UnitParts/ArmWeapons/datan_common_arm55_bbs_a08fbf66.obj","724","444","4","베베세","False","True","generated","","","","48","0.93","7","","",""
"nova_fire_arm8_do","Firepower","UnitParts/ArmWeapons","datan\common\arm8_do.gx","3008","듀얼건","Assets/Art/Nova1492/GXConverted/Models/UnitParts/ArmWeapons/datan_common_arm8_do_c62ca52b.obj","211","238","2","듀얼건","False","True","generated","","","","32","1.19","5.5","","",""
"nova_fire_g_arm56_prrs","Firepower","UnitParts/ArmWeapons","datan\common\g_arm56_prrs.gx","3056","프롤릭스G","Assets/Art/Nova1492/GXConverted/Models/UnitParts/ArmWeapons/datan_common_g_arm56_prrs_6c1c56c2.obj","240","266","3","프롤릭스G","False","True","generated","","","","40","1.06","6.25","","",""
"nova_fire_g_arm57_prs","Firepower","UnitParts/ArmWeapons","datan\common\g_arm57_prs.gx","3057","팔랑스G","Assets/Art/Nova1492/GXConverted/Models/UnitParts/ArmWeapons/datan_common_g_arm57_prs_44d72b9d.obj","272","216","2","팔랑스G","False","True","generated","","","","32","1.19","5.5","","",""
"nova_fire_g_arm58_dbkr","Firepower","UnitParts/ArmWeapons","datan\common\g_arm58_dbkr.gx","3058","데빌클로G","Assets/Art/Nova1492/GXConverted/Models/UnitParts/ArmWeapons/datan_common_g_arm58_dbkr_7cd10af8.obj","653","658","5","데빌클로G","False","True","generated","","","","56","0.8","7.75","","",""
"nova_fire_n_arm59_dmsz","Firepower","UnitParts/ArmWeapons","datan\common\n_arm59_dmsz.gx","3059","데미시즈N","Assets/Art/Nova1492/GXConverted/Models/UnitParts/ArmWeapons/datan_common_n_arm59_dmsz_23a50f4e.obj","81","80","1","데미시즈N","False","True","generated","","","","24","1.32","4.75","","",""
"nova_fire_n_arm60_mgbr","Firepower","UnitParts/ArmWeapons","datan\common\n_arm60_mgbr.gx","3060","메가배럴N","Assets/Art/Nova1492/GXConverted/Models/UnitParts/ArmWeapons/datan_common_n_arm60_mgbr_93f3db04.obj","392","302","3","메가배럴N","False","True","generated","","","","40","1.06","6.25","","",""
"nova_fire_n_arm61_bsrsk","Firepower","UnitParts/ArmWeapons","datan\common\n_arm61_bsrsk.gx","3061","바실리스크N","Assets/Art/Nova1492/GXConverted/Models/UnitParts/ArmWeapons/datan_common_n_arm61_bsrsk_93c34796.obj","277","210","2","바실리스크N","False","True","generated","","","","32","1.19","5.5","","",""
"nova_fire_n_arm62_knst","Firepower","UnitParts/ArmWeapons","datan\common\n_arm62_knst.gx","3062","캐니스터N","Assets/Art/Nova1492/GXConverted/Models/UnitParts/ArmWeapons/datan_common_n_arm62_knst_ebcd5b3d.obj","244","232","2","캐니스터N","False","True","generated","","","","32","1.19","5.5","","",""
"nova_fire_n_arm63_krst","Firepower","UnitParts/ArmWeapons","datan\common\n_arm63_krst.gx","3063","클러스터N","Assets/Art/Nova1492/GXConverted/Models/UnitParts/ArmWeapons/datan_common_n_arm63_krst_540a7073.obj","174","199","1","클러스터N","False","True","generated","","","","24","1.32","4.75","","",""
"nova_fire_n_arm64_hdkn","Firepower","UnitParts/ArmWeapons","datan\common\n_arm64_hdkn.gx","3064","핸드케넌N","Assets/Art/Nova1492/GXConverted/Models/UnitParts/ArmWeapons/datan_common_n_arm64_hdkn_ebda1fa4.obj","373","321","3","핸드케넌N","False","True","generated","","","","40","1.06","6.25","","",""
"nova_fire_n_arm65_bbs","Firepower","UnitParts/ArmWeapons","datan\common\n_arm65_bbs.gx","3065","베베세N","Assets/Art/Nova1492/GXConverted/Models/UnitParts/ArmWeapons/datan_common_n_arm65_bbs_ed56efc7.obj","724","444","4","베베세N","False","True","generated","","","","48","0.93","7","","",""
"nova_fire_n_arm66_skpo","Firepower","UnitParts/ArmWeapons","datan\common\n_arm66_skpo.gx","3066","스콜피오N","Assets/Art/Nova1492/GXConverted/Models/UnitParts/ArmWeapons/datan_common_n_arm66_skpo_ba00c879.obj","339","319","3","스콜피오N","False","True","generated","","","","40","1.06","6.25","","",""
"nova_fire_n_arm67_sts","Firepower","UnitParts/ArmWeapons","datan\common\n_arm67_sts.gx","3067","스틱스N","Assets/Art/Nova1492/GXConverted/Models/UnitParts/ArmWeapons/datan_common_n_arm67_sts_11adf732.obj","268","287","3","스틱스N","False","True","generated","","","","40","1.06","6.25","","",""
"nova_fire_n_arm68_roz","Firepower","UnitParts/ArmWeapons","datan\common\n_arm68_roz.gx","3068","레이저N","Assets/Art/Nova1492/GXConverted/Models/UnitParts/ArmWeapons/datan_common_n_arm68_roz_49d884c0.obj","246","260","2","레이저N","False","True","generated","","","","32","1.19","5.5","","",""
"nova_fire_n_arm69_rkog","Firepower","UnitParts/ArmWeapons","datan\common\n_arm69_rkog.gx","3069","리코일건N","Assets/Art/Nova1492/GXConverted/Models/UnitParts/ArmWeapons/datan_common_n_arm69_rkog_58048a89.obj","628","394","4","리코일건N","False","True","generated","","","","48","0.93","7","","",""
"nova_fire_n_arm70_hmsk","Firepower","UnitParts/ArmWeapons","datan\common\n_arm70_hmsk.gx","3070","해머쇼크N","Assets/Art/Nova1492/GXConverted/Models/UnitParts/ArmWeapons/datan_common_n_arm70_hmsk_c454bc29.obj","720","496","5","해머쇼크N","False","True","generated","","","","56","0.8","7.75","","",""
"nova_fire_s_arm50_hmsk","Firepower","UnitParts/ArmWeapons","datan\common\s_arm50_hmsk.gx","3050","해머쇼크S","Assets/Art/Nova1492/GXConverted/Models/UnitParts/ArmWeapons/datan_common_s_arm50_hmsk_ec006bf8.obj","720","496","5","해머쇼크S","False","True","generated","","","","56","0.8","7.75","","",""
"nova_fire_s_arm52_bzk","Firepower","UnitParts/ArmWeapons","datan\common\s_arm52_bzk.gx","3052","바주카S","Assets/Art/Nova1492/GXConverted/Models/UnitParts/ArmWeapons/datan_common_s_arm52_bzk_40a35d86.obj","566","444","4","바주카S","False","True","generated","","","","48","0.93","7","","",""
"nova_fire_s_arm53_ons","Firepower","UnitParts/ArmWeapons","datan\common\s_arm53_ons.gx","3053","오닉스S","Assets/Art/Nova1492/GXConverted/Models/UnitParts/ArmWeapons/datan_common_s_arm53_ons_e0664aa7.obj","330","285","3","오닉스S","False","True","generated","","","","40","1.06","6.25","","",""
"nova_fire_s_arm54_onoo","Firepower","UnitParts/ArmWeapons","datan\common\s_arm54_onoo.gx","3054","아누아이S","Assets/Art/Nova1492/GXConverted/Models/UnitParts/ArmWeapons/datan_common_s_arm54_onoo_9d8e9730.obj","256","292","3","아누아이S","False","True","generated","","","","40","1.06","6.25","","",""
"nova_frame_body1_sz","Frame","UnitParts/Bodies","datan\common\body1_sz.gx","2001","서전","Assets/Art/Nova1492/GXConverted/Models/UnitParts/Bodies/datan_common_body1_sz_206b7fcc.obj","330","316","5","서전","False","True","generated","645","1","4","","","","","",""
"nova_frame_body10_skdr","Frame","UnitParts/Bodies","datan\common\body10_skdr.gx","2010","스쿼드론","Assets/Art/Nova1492/GXConverted/Models/UnitParts/Bodies/datan_common_body10_skdr_94005581.obj","108","115","2","스쿼드론","False","True","generated","510","1.15","4","","","","","",""
"nova_frame_body11_kn","Frame","UnitParts/Bodies","datan\common\body11_kn.gx","2011","커널","Assets/Art/Nova1492/GXConverted/Models/UnitParts/Bodies/datan_common_body11_kn_c249f9d6.obj","284","200","4","커널","False","True","generated","600","1.05","4","","","","","",""
"nova_frame_body12_kt","Frame","UnitParts/Bodies","datan\common\body12_kt.gx","2012","캡틴","Assets/Art/Nova1492/GXConverted/Models/UnitParts/Bodies/datan_common_body12_kt_f2fb4a01.obj","293","204","4","캡틴","False","True","generated","600","1.05","4","","","","","",""
"nova_frame_body13_scro","Frame","UnitParts/Bodies","datan\common\body13_scro.gx","2013","센추리언","Assets/Art/Nova1492/GXConverted/Models/UnitParts/Bodies/datan_common_body13_scro_2e615f34.obj","126","120","3","센추리언","False","True","generated","555","1.1","4","","","","","",""
"nova_frame_body14_trb","Frame","UnitParts/Bodies","datan\common\body14_trb.gx","2014","트리뷴","Assets/Art/Nova1492/GXConverted/Models/UnitParts/Bodies/datan_common_body14_trb_47ad8aa6.obj","156","153","3","트리뷴","False","True","generated","555","1.1","4","","","","","",""
"nova_frame_body15_znr","Frame","UnitParts/Bodies","datan\common\body15_znr.gx","2015","제너럴","Assets/Art/Nova1492/GXConverted/Models/UnitParts/Bodies/datan_common_body15_znr_2ea96416.obj","196","184","4","제너럴","False","True","generated","600","1.05","4","","","","","",""
"nova_frame_body16_kmdo","Frame","UnitParts/Bodies","datan\common\body16_kmdo.gx","2016","코모도어","Assets/Art/Nova1492/GXConverted/Models/UnitParts/Bodies/datan_common_body16_kmdo_22f3ff74.obj","277","180","4","코모도어","False","True","generated","600","1.05","4","","","","","",""
"nova_frame_body17_rzmt","Frame","UnitParts/Bodies","datan\common\body17_rzmt.gx","2017","레지먼트","Assets/Art/Nova1492/GXConverted/Models/UnitParts/Bodies/datan_common_body17_rzmt_bd44b992.obj","118","108","2","레지먼트","False","True","generated","510","1.15","4","","","","","",""
"nova_frame_body18_brgod","Frame","UnitParts/Bodies","datan\common\body18_brgod.gx","2018","브리게이드","Assets/Art/Nova1492/GXConverted/Models/UnitParts/Bodies/datan_common_body18_brgod_53f787ed.obj","144","68","1","브리게이드","False","True","generated","465","1.2","4","","","","","",""
"nova_frame_body19_spd","Frame","UnitParts/Bodies","datan\common\body19_spd.gx","2019","스파덱","Assets/Art/Nova1492/GXConverted/Models/UnitParts/Bodies/datan_common_body19_spd_76e60ddb.obj","241","223","4","스파덱","False","True","generated","600","1.05","4","","","","","",""
"nova_frame_body2_prt","Frame","UnitParts/Bodies","datan\common\body2_prt.gx","2002","플래툰","Assets/Art/Nova1492/GXConverted/Models/UnitParts/Bodies/datan_common_body2_prt_ccf3d653.obj","105","112","2","플래툰","False","True","generated","510","1.15","4","","","","","",""
"nova_frame_body20_prsd","Frame","UnitParts/Bodies","datan\common\body20_prsd.gx","2020","플러시덱","Assets/Art/Nova1492/GXConverted/Models/UnitParts/Bodies/datan_common_body20_prsd_e606010d.obj","212","170","4","플러시덱","False","True","generated","600","1.05","4","","","","","",""
"nova_frame_body21_rzo","Frame","UnitParts/Bodies","datan\common\body21_rzo.gx","2021","레지온","Assets/Art/Nova1492/GXConverted/Models/UnitParts/Bodies/datan_common_body21_rzo_56411c08.obj","46","56","1","레지온","False","True","generated","465","1.2","4","","","","","",""
"nova_frame_body22_kdd","Frame","UnitParts/Bodies","datan\common\body22_kdd.gx","2022","쿼터덱","Assets/Art/Nova1492/GXConverted/Models/UnitParts/Bodies/datan_common_body22_kdd_64eb6960.obj","265","204","4","쿼터덱","False","True","generated","600","1.05","4","","","","","",""
"nova_frame_body23_ms","Frame","UnitParts/Bodies","datan\common\body23_ms.gx","2023","마샬","Assets/Art/Nova1492/GXConverted/Models/UnitParts/Bodies/datan_common_body23_ms_08bb8d65.obj","344","308","5","마샬","False","True","generated","645","1","4","","","","","",""
"nova_frame_body24_grbs","Frame","UnitParts/Bodies","datan\common\body24_grbs.gx","2024","그라비스","Assets/Art/Nova1492/GXConverted/Models/UnitParts/Bodies/datan_common_body24_grbs_292161f9.obj","96","86","2","그라비스","False","True","generated","510","1.15","4","","","","","",""
"nova_frame_body25_bosro","Frame","UnitParts/Bodies","datan\common\body25_bosro.gx","2025","바이스로이","Assets/Art/Nova1492/GXConverted/Models/UnitParts/Bodies/datan_common_body25_bosro_0459d605.obj","352","300","5","바이스로이","False","True","generated","645","1","4","","","","","",""
"nova_frame_body26_kp","Frame","UnitParts/Bodies","datan\common\body26_kp.gx","2026","킹핀","Assets/Art/Nova1492/GXConverted/Models/UnitParts/Bodies/datan_common_body26_kp_7fafe886.obj","85","77","1","킹핀","False","True","generated","465","1.2","4","","","","","",""
"nova_frame_body27_zns","Frame","UnitParts/Bodies","datan\common\body27_zns.gx","2027","제니스","Assets/Art/Nova1492/GXConverted/Models/UnitParts/Bodies/datan_common_body27_zns_072ec40a.obj","152","169","3","제니스","False","True","generated","555","1.1","4","","","","","",""
"nova_frame_body28_kp2","Frame","UnitParts/Bodies","datan\common\body28_kp2.gx","2028","킹핀II","Assets/Art/Nova1492/GXConverted/Models/UnitParts/Bodies/datan_common_body28_kp2_599df616.obj","135","96","2","킹핀II","False","True","generated","510","1.15","4","","","","","",""
"nova_frame_body3_bgd","Frame","UnitParts/Bodies","datan\common\body3_bgd.gx","2003","뱅가드","Assets/Art/Nova1492/GXConverted/Models/UnitParts/Bodies/datan_common_body3_bgd_fb4cab73.obj","93","102","2","뱅가드","False","True","generated","510","1.15","4","","","","","",""
"nova_frame_body32_brps","Frame","UnitParts/Bodies","datan\common\body32_brps.gx","2032","플랫피쉬","Assets/Art/Nova1492/GXConverted/Models/UnitParts/Bodies/datan_common_body32_brps_5f5b2911.obj","152","154","3","플랫피쉬","False","True","generated","555","1.1","4","","","","","",""
"nova_frame_body35_trbn","Frame","UnitParts/Bodies","datan\common\body35_trbn.gx","2035","트리뷰널","Assets/Art/Nova1492/GXConverted/Models/UnitParts/Bodies/datan_common_body35_trbn_d1bbed1d.obj","141","150","3","트리뷰널","False","True","generated","555","1.1","4","","","","","",""
"nova_frame_body36_rzn","Frame","UnitParts/Bodies","datan\common\body36_rzn.gx","2036","레지널","Assets/Art/Nova1492/GXConverted/Models/UnitParts/Bodies/datan_common_body36_rzn_9e3e52b7.obj","90","66","1","레지널","False","True","generated","465","1.2","4","","","","","",""
"nova_frame_body37_ktn","Frame","UnitParts/Bodies","datan\common\body37_ktn.gx","2037","캡티널","Assets/Art/Nova1492/GXConverted/Models/UnitParts/Bodies/datan_common_body37_ktn_c91a1edb.obj","405","321","5","캡티널","False","True","generated","645","1","4","","","","","",""
"nova_frame_body38_qrso","Frame","UnitParts/Bodies","datan\common\body38_qrso.gx","2038","퀴러시어","Assets/Art/Nova1492/GXConverted/Models/UnitParts/Bodies/datan_common_body38_qrso_221babe8.obj","96","76","1","퀴러시어","False","True","generated","465","1.2","4","","","","","",""
"nova_frame_body4_kpr","Frame","UnitParts/Bodies","datan\common\body4_kpr.gx","2004","코포럴","Assets/Art/Nova1492/GXConverted/Models/UnitParts/Bodies/datan_common_body4_kpr_b03748d5.obj","152","166","3","코포럴","False","True","generated","555","1.1","4","","","","","",""
"nova_frame_body5_skms","Frame","UnitParts/Bodies","datan\common\body5_skms.gx","2005","스쿼미쉬","Assets/Art/Nova1492/GXConverted/Models/UnitParts/Bodies/datan_common_body5_skms_dc8d1685.obj","90","85","1","스쿼미쉬","False","True","generated","465","1.2","4","","","","","",""
"nova_frame_body6_skd","Frame","UnitParts/Bodies","datan\common\body6_skd.gx","2006","스쿼드","Assets/Art/Nova1492/GXConverted/Models/UnitParts/Bodies/datan_common_body6_skd_9d3557d0.obj","32","40","1","스쿼드","False","True","generated","465","1.2","4","","","","","",""
"nova_frame_body7_mops","Frame","UnitParts/Bodies","datan\common\body7_mops.gx","2007","메인포스","Assets/Art/Nova1492/GXConverted/Models/UnitParts/Bodies/datan_common_body7_mops_fb84e207.obj","121","113","2","메인포스","False","True","generated","510","1.15","4","","","","","",""
"nova_frame_body8_brc","Frame","UnitParts/Bodies","datan\common\body8_brc.gx","2008","블릿츠","Assets/Art/Nova1492/GXConverted/Models/UnitParts/Bodies/datan_common_body8_brc_5793d5d9.obj","160","136","3","블릿츠","False","True","generated","555","1.1","4","","","","","",""
"nova_frame_body9_btro","Frame","UnitParts/Bodies","datan\common\body9_btro.gx","2009","바탈리언","Assets/Art/Nova1492/GXConverted/Models/UnitParts/Bodies/datan_common_body9_btro_4c6bc349.obj","58","56","1","바탈리언","False","True","generated","465","1.2","4","","","","","",""
"nova_frame_n_body39_brgod","Frame","UnitParts/Bodies","datan\common\n_body39_brgod.gx","2039","브리게이드N","Assets/Art/Nova1492/GXConverted/Models/UnitParts/Bodies/datan_common_n_body39_brgod_cc36a338.obj","144","68","1","브리게이드N","False","True","generated","465","1.2","4","","","","","",""
"nova_frame_n_body40_zns","Frame","UnitParts/Bodies","datan\common\n_body40_zns.gx","2040","제니스N","Assets/Art/Nova1492/GXConverted/Models/UnitParts/Bodies/datan_common_n_body40_zns_e288edaa.obj","152","169","3","제니스N","False","True","generated","555","1.1","4","","","","","",""
"nova_frame_n_body41_kmdo","Frame","UnitParts/Bodies","datan\common\n_body41_kmdo.gx","2041","코모도어N","Assets/Art/Nova1492/GXConverted/Models/UnitParts/Bodies/datan_common_n_body41_kmdo_27ea0465.obj","277","180","4","코모도어N","False","True","generated","600","1.05","4","","","","","",""
"nova_frame_n_body42_kdd","Frame","UnitParts/Bodies","datan\common\n_body42_kdd.gx","2042","쿼더덱N","Assets/Art/Nova1492/GXConverted/Models/UnitParts/Bodies/datan_common_n_body42_kdd_169db71f.obj","265","204","4","쿼더덱N","False","True","generated","600","1.05","4","","","","","",""
"nova_frame_n_body43_prt","Frame","UnitParts/Bodies","datan\common\n_body43_prt.gx","2043","플래툰N","Assets/Art/Nova1492/GXConverted/Models/UnitParts/Bodies/datan_common_n_body43_prt_9b3f2468.obj","105","112","2","플래툰N","False","True","generated","510","1.15","4","","","","","",""
"nova_frame_n_body44_brps","Frame","UnitParts/Bodies","datan\common\n_body44_brps.gx","2044","플랫피쉬N","Assets/Art/Nova1492/GXConverted/Models/UnitParts/Bodies/datan_common_n_body44_brps_174baa87.obj","152","154","3","플랫피쉬N","False","True","generated","555","1.1","4","","","","","",""
"nova_frame_n_body47_kp","Frame","UnitParts/Bodies","datan\common\n_body47_kp.gx","2047","킹핀N","Assets/Art/Nova1492/GXConverted/Models/UnitParts/Bodies/datan_common_n_body47_kp_43016fc0.obj","85","77","1","킹핀N","False","True","generated","465","1.2","4","","","","","",""
"nova_frame_n_body48_grbs","Frame","UnitParts/Bodies","datan\common\n_body48_grbs.gx","2048","그라비스N","Assets/Art/Nova1492/GXConverted/Models/UnitParts/Bodies/datan_common_n_body48_grbs_8ef2e67e.obj","96","86","2","그라비스N","False","True","generated","510","1.15","4","","","","","",""
"nova_frame_n_body49_rzmt","Frame","UnitParts/Bodies","datan\common\n_body49_rzmt.gx","2049","레지먼트N","Assets/Art/Nova1492/GXConverted/Models/UnitParts/Bodies/datan_common_n_body49_rzmt_cdf6c63d.obj","118","108","2","레지먼트N","False","True","generated","510","1.15","4","","","","","",""
"nova_frame_n_body50_bgd","Frame","UnitParts/Bodies","datan\common\n_body50_bgd.gx","2050","뱅가드N","Assets/Art/Nova1492/GXConverted/Models/UnitParts/Bodies/datan_common_n_body50_bgd_50a477e9.obj","93","102","2","뱅가드N","False","True","generated","510","1.15","4","","","","","",""
"nova_mob_g_legs37_sts","Mobility","UnitParts/Legs","datan\common\g_legs37_sts.gx","1037","스타쉽G","Assets/Art/Nova1492/GXConverted/Models/UnitParts/Legs/datan_common_g_legs37_sts_a7ad1747.obj","441","366","3","스타쉽G","False","True","generated","","","","","","","230","4.55","4.55"
"nova_mob_g_legs57_ppo","Mobility","UnitParts/Legs","datan\common\g_legs57_ppo.gx","1509","피파울G","Assets/Art/Nova1492/GXConverted/Models/UnitParts/Legs/datan_common_g_legs57_ppo_3fb7eb59.obj","959","546","5","피파울G","False","True","generated","","","","","","","330","3.45","3.45"
"nova_mob_g_legs58_pps","Mobility","UnitParts/Legs","datan\common\g_legs58_pps.gx","1510","포퍼스G","Assets/Art/Nova1492/GXConverted/Models/UnitParts/Legs/datan_common_g_legs58_pps_69a83f4e.obj","540","327","2","포퍼스G","False","True","generated","","","","","","","180","5.1","5.1"
"nova_mob_g_legs59_hb","Mobility","UnitParts/Legs","datan\common\g_legs59_hb.gx","1511","호버G","Assets/Art/Nova1492/GXConverted/Models/UnitParts/Legs/datan_common_g_legs59_hb_005ddc58.obj","346","410","4","호버G","False","True","generated","","","","","","","280","4","4"
"nova_mob_g_legs60_hord","Mobility","UnitParts/Legs","datan\common\g_legs60_hord.gx","1512","하이로더G","Assets/Art/Nova1492/GXConverted/Models/UnitParts/Legs/datan_common_g_legs60_hord_e9dbaa85.obj","378","378","3","하이로더G","False","True","generated","","","","","","","230","4.55","4.55"
"nova_mob_legs1_rdrn","Mobility","UnitParts/Legs","datan\common\legs1_rdrn.gx","1001","로드런너","Assets/Art/Nova1492/GXConverted/Models/UnitParts/Legs/datan_common_legs1_rdrn_46fa96e7.obj","352","360","2","로드런너","False","True","generated","","","","","","","180","5.1","5.1"
"nova_mob_legs10_prg","Mobility","UnitParts/Legs","datan\common\legs10_prg.gx","1010","프리깃","Assets/Art/Nova1492/GXConverted/Models/UnitParts/Legs/datan_common_legs10_prg_a1bd2681.obj","436","376","3","프리깃","False","True","generated","","","","","","","230","4.55","4.55"
"nova_mob_legs11_strod","Mobility","UnitParts/Legs","datan\common\legs11_strod.gx","1011","스트라이더","Assets/Art/Nova1492/GXConverted/Models/UnitParts/Legs/datan_common_legs11_strod_bd5c7d83.obj","268","312","2","스트라이더","False","True","generated","","","","","","","180","5.1","5.1"
"nova_mob_legs12_kb","Mobility","UnitParts/Legs","datan\common\legs12_kb.gx","1012","코벳","Assets/Art/Nova1492/GXConverted/Models/UnitParts/Legs/datan_common_legs12_kb_8abdf395.obj","200","211","1","코벳","False","True","generated","","","","","","","130","5.65","5.65"
"nova_mob_legs13_krz","Mobility","UnitParts/Legs","datan\common\legs13_krz.gx","1013","크루저","Assets/Art/Nova1492/GXConverted/Models/UnitParts/Legs/datan_common_legs13_krz_e135c433.obj","246","300","2","크루저","False","True","generated","","","","","","","180","5.1","5.1"
"nova_mob_legs14_grp","Mobility","UnitParts/Legs","datan\common\legs14_grp.gx","1014","갤로퍼","Assets/Art/Nova1492/GXConverted/Models/UnitParts/Legs/datan_common_legs14_grp_bf5729fa.obj","438","496","4","갤로퍼","False","True","generated","","","","","","","280","4","4"
"nova_mob_legs15_krr","Mobility","UnitParts/Legs","datan\common\legs15_krr.gx","1015","크롤러","Assets/Art/Nova1492/GXConverted/Models/UnitParts/Legs/datan_common_legs15_krr_7b9bbcfe.obj","280","234","1","크롤러","False","True","generated","","","","","","","130","5.65","5.65"
"nova_mob_legs16_sprt","Mobility","UnitParts/Legs","datan\common\legs16_sprt.gx","1016","스플리터","Assets/Art/Nova1492/GXConverted/Models/UnitParts/Legs/datan_common_legs16_sprt_cd6cb45e.obj","438","426","4","스플리터","False","True","generated","","","","","","","280","4","4"
"nova_mob_legs17_oprd","Mobility","UnitParts/Legs","datan\common\legs17_oprd.gx","1017","오프로더","Assets/Art/Nova1492/GXConverted/Models/UnitParts/Legs/datan_common_legs17_oprd_e69338b9.obj","325","464","4","오프로더","False","True","generated","","","","","","","280","4","4"
"nova_mob_legs18_hord","Mobility","UnitParts/Legs","datan\common\legs18_hord.gx","1018","하이로더","Assets/Art/Nova1492/GXConverted/Models/UnitParts/Legs/datan_common_legs18_hord_bf0600c0.obj","378","378","3","하이로더","False","True","generated","","","","","","","230","4.55","4.55"
"nova_mob_legs2_tdr","Mobility","UnitParts/Legs","datan\common\legs2_tdr.gx","1002","토들러","Assets/Art/Nova1492/GXConverted/Models/UnitParts/Legs/datan_common_legs2_tdr_35825de3.obj","414","390","3","토들러","False","True","generated","","","","","","","230","4.55","4.55"
"nova_mob_legs20_spod","Mobility","UnitParts/Legs","datan\common\legs20_spod.gx","1020","스파이더","Assets/Art/Nova1492/GXConverted/Models/UnitParts/Legs/datan_common_legs20_spod_160594f4.obj","650","676","5","스파이더","False","True","generated","","","","","","","330","3.45","3.45"
"nova_mob_legs21_ksor","Mobility","UnitParts/Legs","datan\common\legs21_ksor.gx","1021","카소와리","Assets/Art/Nova1492/GXConverted/Models/UnitParts/Legs/datan_common_legs21_ksor_0e549f78.obj","384","360","3","카소와리","False","True","generated","","","","","","","230","4.55","4.55"
"nova_mob_legs23_tk","Mobility","UnitParts/Legs","datan\common\legs23_tk.gx","1023","탱커","Assets/Art/Nova1492/GXConverted/Models/UnitParts/Legs/datan_common_legs23_tk_03b41884.obj","908","713","5","탱커","False","True","generated","","","","","","","330","3.45","3.45"
"nova_mob_legs24_sts","Mobility","UnitParts/Legs","datan\common\legs24_sts.gx","1024","스타쉽","Assets/Art/Nova1492/GXConverted/Models/UnitParts/Legs/datan_common_legs24_sts_3e631676.obj","441","366","3","스타쉽","False","True","generated","","","","","","","230","4.55","4.55"
"nova_mob_legs25_kd","Mobility","UnitParts/Legs","datan\common\legs25_kd.gx","1025","쿼더","Assets/Art/Nova1492/GXConverted/Models/UnitParts/Legs/datan_common_legs25_kd_803953d7.obj","476","370","3","쿼더","False","True","generated","","","","","","","230","4.55","4.55"
"nova_mob_legs3_ktpr","Mobility","UnitParts/Legs","datan\common\legs3_ktpr.gx","1003","캐터필러","Assets/Art/Nova1492/GXConverted/Models/UnitParts/Legs/datan_common_legs3_ktpr_aa64fc50.obj","204","222","1","캐터필러","False","True","generated","","","","","","","130","5.65","5.65"
"nova_mob_legs34_dpns","Mobility","UnitParts/Legs","datan\common\legs34_dpns.gx","1034","델피누스","Assets/Art/Nova1492/GXConverted/Models/UnitParts/Legs/datan_common_legs34_dpns_c3eae0c2.obj","325","195","1","델피누스","False","True","generated","","","","","","","130","5.65","5.65"
"nova_mob_legs4_kt","Mobility","UnitParts/Legs","datan\common\legs4_kt.gx","1004","캔터","Assets/Art/Nova1492/GXConverted/Models/UnitParts/Legs/datan_common_legs4_kt_0169395a.obj","488","522","5","캔터","False","True","generated","","","","","","","330","3.45","3.45"
"nova_mob_legs49_otrs","Mobility","UnitParts/Legs","datan\common\legs49_otrs.gx","1501","옵테릭스","Assets/Art/Nova1492/GXConverted/Models/UnitParts/Legs/datan_common_legs49_otrs_c7f057fd.obj","453","520","5","옵테릭스","False","True","generated","","","","","","","330","3.45","3.45"
"nova_mob_legs5_ko","Mobility","UnitParts/Legs","datan\common\legs5_ko.gx","1005","키위","Assets/Art/Nova1492/GXConverted/Models/UnitParts/Legs/datan_common_legs5_ko_cf6d709a.obj","522","468","4","키위","False","True","generated","","","","","","","280","4","4"
"nova_mob_legs50_pps","Mobility","UnitParts/Legs","datan\common\legs50_pps.gx","1502","포퍼스","Assets/Art/Nova1492/GXConverted/Models/UnitParts/Legs/datan_common_legs50_pps_8af5e808.obj","540","327","2","포퍼스","False","True","generated","","","","","","","180","5.1","5.1"
"nova_mob_legs51_ppo","Mobility","UnitParts/Legs","datan\common\legs51_ppo.gx","1503","피파울","Assets/Art/Nova1492/GXConverted/Models/UnitParts/Legs/datan_common_legs51_ppo_c6fb22ee.obj","959","546","5","피파울","False","True","generated","","","","","","","330","3.45","3.45"
"nova_mob_legs52_pkk","Mobility","UnitParts/Legs","datan\common\legs52_pkk.gx","1504","피코크","Assets/Art/Nova1492/GXConverted/Models/UnitParts/Legs/datan_common_legs52_pkk_d393ef61.obj","572","620","5","피코크","False","True","generated","","","","","","","330","3.45","3.45"
"nova_mob_legs53_rgd","Mobility","UnitParts/Legs","datan\common\legs53_rgd.gx","1505","래거드","Assets/Art/Nova1492/GXConverted/Models/UnitParts/Legs/datan_common_legs53_rgd_3f073fd8.obj","868","724","5","래거드","False","True","generated","","","","","","","330","3.45","3.45"
"nova_mob_legs6_ok","Mobility","UnitParts/Legs","datan\common\legs6_ok.gx","1006","워커","Assets/Art/Nova1492/GXConverted/Models/UnitParts/Legs/datan_common_legs6_ok_919e17d1.obj","326","348","2","워커","False","True","generated","","","","","","","180","5.1","5.1"
"nova_mob_legs7_hb","Mobility","UnitParts/Legs","datan\common\legs7_hb.gx","1007","호버","Assets/Art/Nova1492/GXConverted/Models/UnitParts/Legs/datan_common_legs7_hb_31b3460a.obj","346","410","4","호버","False","True","generated","","","","","","","280","4","4"
"nova_mob_legs8_obr","Mobility","UnitParts/Legs","datan\common\legs8_obr.gx","1008","앰블러","Assets/Art/Nova1492/GXConverted/Models/UnitParts/Legs/datan_common_legs8_obr_1aac85f2.obj","484","524","5","앰블러","False","True","generated","","","","","","","330","3.45","3.45"
"nova_mob_legs9_ptr","Mobility","UnitParts/Legs","datan\common\legs9_ptr.gx","1009","패트롤","Assets/Art/Nova1492/GXConverted/Models/UnitParts/Legs/datan_common_legs9_ptr_262d1fec.obj","98","128","1","패트롤","False","True","generated","","","","","","","130","5.65","5.65"
"nova_mob_n_legs38_grp","Mobility","UnitParts/Legs","datan\common\n_legs38_grp.gx","1038","갤로퍼N","Assets/Art/Nova1492/GXConverted/Models/UnitParts/Legs/datan_common_n_legs38_grp_03f6fc71.obj","438","496","4","갤로퍼N","False","True","generated","","","","","","","280","4","4"
"nova_mob_n_legs39_wk","Mobility","UnitParts/Legs","datan\common\n_legs39_wk.gx","1039","워커N","Assets/Art/Nova1492/GXConverted/Models/UnitParts/Legs/datan_common_n_legs39_wk_c195f805.obj","326","348","2","워커N","False","True","generated","","","","","","","180","5.1","5.1"
"nova_mob_n_legs40_krz","Mobility","UnitParts/Legs","datan\common\n_legs40_krz.gx","1040","크루저N","Assets/Art/Nova1492/GXConverted/Models/UnitParts/Legs/datan_common_n_legs40_krz_cc420116.obj","246","300","2","크루저N","False","True","generated","","","","","","","180","5.1","5.1"
"nova_mob_n_legs41_tdr","Mobility","UnitParts/Legs","datan\common\n_legs41_tdr.gx","1041","토들러N","Assets/Art/Nova1492/GXConverted/Models/UnitParts/Legs/datan_common_n_legs41_tdr_fd9e43f8.obj","414","390","3","토들러N","False","True","generated","","","","","","","230","4.55","4.55"
"nova_mob_n_legs42_krr","Mobility","UnitParts/Legs","datan\common\n_legs42_krr.gx","1042","크롤러N","Assets/Art/Nova1492/GXConverted/Models/UnitParts/Legs/datan_common_n_legs42_krr_c6cdc337.obj","280","234","2","크롤러N","False","True","generated","","","","","","","180","5.1","5.1"
"nova_mob_n_legs44_hord","Mobility","UnitParts/Legs","datan\common\n_legs44_hord.gx","1044","하이로더N","Assets/Art/Nova1492/GXConverted/Models/UnitParts/Legs/datan_common_n_legs44_hord_7e40c834.obj","378","378","3","하이로더N","False","True","generated","","","","","","","230","4.55","4.55"
"nova_mob_n_legs45_strod","Mobility","UnitParts/Legs","datan\common\n_legs45_strod.gx","1045","스트라이더N","Assets/Art/Nova1492/GXConverted/Models/UnitParts/Legs/datan_common_n_legs45_strod_619581df.obj","268","312","2","스트라이더N","False","True","generated","","","","","","","180","5.1","5.1"
"nova_mob_n_legs46_sprt","Mobility","UnitParts/Legs","datan\common\n_legs46_sprt.gx","1046","스플리터N","Assets/Art/Nova1492/GXConverted/Models/UnitParts/Legs/datan_common_n_legs46_sprt_bda74735.obj","438","426","4","스플리터N","False","True","generated","","","","","","","280","4","4"
"nova_mob_s_legs27_ksor","Mobility","UnitParts/Legs","datan\common\s_legs27_ksor.gx","1027","카소와리S","Assets/Art/Nova1492/GXConverted/Models/UnitParts/Legs/datan_common_s_legs27_ksor_02fe43b0.obj","384","360","3","카소와리S","False","True","generated","","","","","","","230","4.55","4.55"
"nova_mob_s_legs28_krz","Mobility","UnitParts/Legs","datan\common\s_legs28_krz.gx","1028","크루저S","Assets/Art/Nova1492/GXConverted/Models/UnitParts/Legs/datan_common_s_legs28_krz_49aae83c.obj","246","300","2","크루저S","False","True","generated","","","","","","","180","5.1","5.1"
"nova_mob_s_legs29_sprt","Mobility","UnitParts/Legs","datan\common\s_legs29_sprt.gx","1029","스플리터S","Assets/Art/Nova1492/GXConverted/Models/UnitParts/Legs/datan_common_s_legs29_sprt_544da1a3.obj","438","426","4","스플리터S","False","True","generated","","","","","","","280","4","4"
"nova_mob_s_legs30_tk","Mobility","UnitParts/Legs","datan\common\s_legs30_tk.gx","1030","탱커S","Assets/Art/Nova1492/GXConverted/Models/UnitParts/Legs/datan_common_s_legs30_tk_4c94062a.obj","908","713","5","탱커S","False","True","generated","","","","","","","330","3.45","3.45"
"nova_mob_s_legs31_ko","Mobility","UnitParts/Legs","datan\common\s_legs31_ko.gx","1031","키위S","Assets/Art/Nova1492/GXConverted/Models/UnitParts/Legs/datan_common_s_legs31_ko_99ce2771.obj","522","468","4","키위S","False","True","generated","","","","","","","280","4","4"
"nova_mob_s_legs32_kb","Mobility","UnitParts/Legs","datan\common\s_legs32_kb.gx","1032","코벳S","Assets/Art/Nova1492/GXConverted/Models/UnitParts/Legs/datan_common_s_legs32_kb_579e95d3.obj","200","211","1","코벳S","False","True","generated","","","","","","","130","5.65","5.65"
"nova_mob_s_legs33_spod","Mobility","UnitParts/Legs","datan\common\s_legs33_spod.gx","1033","스파이더S","Assets/Art/Nova1492/GXConverted/Models/UnitParts/Legs/datan_common_s_legs33_spod_72b4e49f.obj","650","676","5","스파이더S","False","True","generated","","","","","","","330","3.45","3.45"
