"part_id","source_relative_path","display_name_ko","category","catalog_category","assembly_form","mobility_surface","source_slot_code","slot_mode","anchor_mode","local_offset","local_rotation","local_scale","confidence","evidence_path","review_result","xfi_class","xfi_header_kind","xfi_transform_count","xfi_direction_range_count","quality_flag","notes"
"nova_fire_arm15_hdkn","datan\common\arm15_hdkn.gx","핸드케넌","Firepower","UnitParts/ArmWeapons","Humanoid","","top","disabled","Disabled","0;0;0","0;0;0","1;1;1","blocked","catalog:artifacts/nova1492/nova_part_catalog.csv; xfi:artifacts/nova1492/nova_unitpart_xfi_manifest.csv; proposal:artifacts/nova1492/nova_xfi_alignment_proposal.csv; source:datan\common\arm15_hdkn.gx","pending","direction-only","numeric_slot_code","0","7","xfi_weapon_direction_only","Humanoid is a part assembly form; keep disabled until original UnitModel evidence defines an approved profile. XFI has direction ranges but no transform matrix; do not promote current bounds/pivot offset as source truth. Weapon XFI carries direction ranges but no transform matrix; preserve metadata without promoting a runtime attach offset."
"nova_fire_arm24_bzk","datan\common\arm24_bzk.gx","바주카","Firepower","UnitParts/ArmWeapons","Humanoid","","top","disabled","Disabled","0;0;0","0;0;0","1;1;1","blocked","catalog:artifacts/nova1492/nova_part_catalog.csv; xfi:artifacts/nova1492/nova_unitpart_xfi_manifest.csv; proposal:artifacts/nova1492/nova_xfi_alignment_proposal.csv; source:datan\common\arm24_bzk.gx","pending","direction-only","numeric_slot_code","0","7","xfi_weapon_direction_only","Humanoid is a part assembly form; keep disabled until original UnitModel evidence defines an approved profile. XFI has direction ranges but no transform matrix; do not promote current bounds/pivot offset as source truth. Weapon XFI carries direction ranges but no transform matrix; preserve metadata without promoting a runtime attach offset."
"nova_fire_arm29_sdbt","datan\common\arm29_sdbt.gx","선더볼트","Firepower","UnitParts/ArmWeapons","Humanoid","","top","disabled","Disabled","0;0;0","0;0;0","1;1;1","blocked","catalog:artifacts/nova1492/nova_part_catalog.csv; xfi:artifacts/nova1492/nova_unitpart_xfi_manifest.csv; proposal:artifacts/nova1492/nova_xfi_alignment_proposal.csv; source:datan\common\arm29_sdbt.gx; original-lab:artifacts/nova1492/original-oracle/oracle-lab-assembled-current-20260502.png","mismatch","direction-only","numeric_slot_code","0","7","xfi_weapon_direction_only","Humanoid is a part assembly form; keep disabled until original UnitModel evidence defines an approved profile. XFI has direction ranges but no transform matrix; do not promote current bounds/pivot offset as source truth. Weapon XFI carries direction ranges but no transform matrix; preserve metadata without promoting a runtime attach offset. Original lab preview evidence invalidates the previous manual humanoid offset."
"nova_fire_arm32_sppoo","datan\common\arm32_sppoo.gx","스핏파이어","Firepower","UnitParts/ArmWeapons","Humanoid","","top","disabled","Disabled","0;0;0","0;0;0","1;1;1","blocked","catalog:artifacts/nova1492/nova_part_catalog.csv; xfi:artifacts/nova1492/nova_unitpart_xfi_manifest.csv; proposal:artifacts/nova1492/nova_xfi_alignment_proposal.csv; source:datan\common\arm32_sppoo.gx","pending","direction-only","numeric_slot_code","0","7","xfi_weapon_direction_only","Humanoid is a part assembly form; keep disabled until original UnitModel evidence defines an approved profile. XFI has direction ranges but no transform matrix; do not promote current bounds/pivot offset as source truth. Weapon XFI carries direction ranges but no transform matrix; preserve metadata without promoting a runtime attach offset."
"nova_fire_arm39_hmsk","datan\common\arm39_hmsk.gx","해머쇼크","Firepower","UnitParts/ArmWeapons","Humanoid","","top","disabled","Disabled","0;0;0","0;0;0","1;1;1","blocked","catalog:artifacts/nova1492/nova_part_catalog.csv; xfi:artifacts/nova1492/nova_unitpart_xfi_manifest.csv; proposal:artifacts/nova1492/nova_xfi_alignment_proposal.csv; source:datan\common\arm39_hmsk.gx","pending","direction-only","numeric_slot_code","0","7","xfi_weapon_direction_only","Humanoid is a part assembly form; keep disabled until original UnitModel evidence defines an approved profile. XFI has direction ranges but no transform matrix; do not promote current bounds/pivot offset as source truth. Weapon XFI carries direction ranges but no transform matrix; preserve metadata without promoting a runtime attach offset."
"nova_fire_arm46_dbkr","datan\common\arm46_dbkr.gx","데빌클로","Firepower","UnitParts/ArmWeapons","Humanoid","","top","disabled","Disabled","0;0;0","0;0;0","1;1;1","blocked","catalog:artifacts/nova1492/nova_part_catalog.csv; xfi:artifacts/nova1492/nova_unitpart_xfi_manifest.csv; proposal:artifacts/nova1492/nova_xfi_alignment_proposal.csv; source:datan\common\arm46_dbkr.gx","pending","direction-only","numeric_slot_code","0","7","xfi_weapon_direction_only","Humanoid is a part assembly form; keep disabled until original UnitModel evidence defines an approved profile. XFI has direction ranges but no transform matrix; do not promote current bounds/pivot offset as source truth. Weapon XFI carries direction ranges but no transform matrix; preserve metadata without promoting a runtime attach offset."
"nova_fire_arm55_bbs","datan\common\arm55_bbs.gx","베베세","Firepower","UnitParts/ArmWeapons","Humanoid","","top","disabled","Disabled","0;0;0","0;0;0","1;1;1","blocked","catalog:artifacts/nova1492/nova_part_catalog.csv; xfi:artifacts/nova1492/nova_unitpart_xfi_manifest.csv; proposal:artifacts/nova1492/nova_xfi_alignment_proposal.csv; source:datan\common\arm55_bbs.gx","pending","direction-only","numeric_slot_code","0","7","xfi_weapon_direction_only","Humanoid is a part assembly form; keep disabled until original UnitModel evidence defines an approved profile. XFI has direction ranges but no transform matrix; do not promote current bounds/pivot offset as source truth. Weapon XFI carries direction ranges but no transform matrix; preserve metadata without promoting a runtime attach offset."
"nova_fire_g_arm58_dbkr","datan\common\g_arm58_dbkr.gx","데빌클로G","Firepower","UnitParts/ArmWeapons","Humanoid","","top","disabled","Disabled","0;0;0","0;0;0","1;1;1","blocked","catalog:artifacts/nova1492/nova_part_catalog.csv; xfi:artifacts/nova1492/nova_unitpart_xfi_manifest.csv; proposal:artifacts/nova1492/nova_xfi_alignment_proposal.csv; source:datan\common\g_arm58_dbkr.gx","pending","direction-only","numeric_slot_code","0","7","xfi_weapon_direction_only","Humanoid is a part assembly form; keep disabled until original UnitModel evidence defines an approved profile. XFI has direction ranges but no transform matrix; do not promote current bounds/pivot offset as source truth. Weapon XFI carries direction ranges but no transform matrix; preserve metadata without promoting a runtime attach offset."
"nova_fire_n_arm60_mgbr","datan\common\n_arm60_mgbr.gx","메가배럴N","Firepower","UnitParts/ArmWeapons","Humanoid","","top","disabled","Disabled","0;0;0","0;0;0","1;1;1","blocked","catalog:artifacts/nova1492/nova_part_catalog.csv; xfi:artifacts/nova1492/nova_unitpart_xfi_manifest.csv; proposal:artifacts/nova1492/nova_xfi_alignment_proposal.csv; source:datan\common\n_arm60_mgbr.gx","pending","direction-only","numeric_slot_code","0","7","xfi_weapon_direction_only","Humanoid is a part assembly form; keep disabled until original UnitModel evidence defines an approved profile. XFI has direction ranges but no transform matrix; do not promote current bounds/pivot offset as source truth. Weapon XFI carries direction ranges but no transform matrix; preserve metadata without promoting a runtime attach offset."
"nova_fire_n_arm64_hdkn","datan\common\n_arm64_hdkn.gx","핸드케넌N","Firepower","UnitParts/ArmWeapons","Humanoid","","top","disabled","Disabled","0;0;0","0;0;0","1;1;1","blocked","catalog:artifacts/nova1492/nova_part_catalog.csv; xfi:artifacts/nova1492/nova_unitpart_xfi_manifest.csv; proposal:artifacts/nova1492/nova_xfi_alignment_proposal.csv; source:datan\common\n_arm64_hdkn.gx","pending","direction-only","numeric_slot_code","0","7","xfi_weapon_direction_only","Humanoid is a part assembly form; keep disabled until original UnitModel evidence defines an approved profile. XFI has direction ranges but no transform matrix; do not promote current bounds/pivot offset as source truth. Weapon XFI carries direction ranges but no transform matrix; preserve metadata without promoting a runtime attach offset."
"nova_fire_n_arm65_bbs","datan\common\n_arm65_bbs.gx","베베세N","Firepower","UnitParts/ArmWeapons","Humanoid","","top","disabled","Disabled","0;0;0","0;0;0","1;1;1","blocked","catalog:artifacts/nova1492/nova_part_catalog.csv; xfi:artifacts/nova1492/nova_unitpart_xfi_manifest.csv; proposal:artifacts/nova1492/nova_xfi_alignment_proposal.csv; source:datan\common\n_arm65_bbs.gx","pending","direction-only","numeric_slot_code","0","7","xfi_weapon_direction_only","Humanoid is a part assembly form; keep disabled until original UnitModel evidence defines an approved profile. XFI has direction ranges but no transform matrix; do not promote current bounds/pivot offset as source truth. Weapon XFI carries direction ranges but no transform matrix; preserve metadata without promoting a runtime attach offset."
"nova_fire_n_arm69_rkog","datan\common\n_arm69_rkog.gx","리코일건N","Firepower","UnitParts/ArmWeapons","Humanoid","","top","disabled","Disabled","0;0;0","0;0;0","1;1;1","blocked","catalog:artifacts/nova1492/nova_part_catalog.csv; xfi:artifacts/nova1492/nova_unitpart_xfi_manifest.csv; proposal:artifacts/nova1492/nova_xfi_alignment_proposal.csv; source:datan\common\n_arm69_rkog.gx","pending","direction-only","numeric_slot_code","0","7","xfi_weapon_direction_only","Humanoid is a part assembly form; keep disabled until original UnitModel evidence defines an approved profile. XFI has direction ranges but no transform matrix; do not promote current bounds/pivot offset as source truth. Weapon XFI carries direction ranges but no transform matrix; preserve metadata without promoting a runtime attach offset."
"nova_fire_n_arm70_hmsk","datan\common\n_arm70_hmsk.gx","해머쇼크N","Firepower","UnitParts/ArmWeapons","Humanoid","","top","disabled","Disabled","0;0;0","0;0;0","1;1;1","blocked","catalog:artifacts/nova1492/nova_part_catalog.csv; xfi:artifacts/nova1492/nova_unitpart_xfi_manifest.csv; proposal:artifacts/nova1492/nova_xfi_alignment_proposal.csv; source:datan\common\n_arm70_hmsk.gx","pending","direction-only","numeric_slot_code","0","7","xfi_weapon_direction_only","Humanoid is a part assembly form; keep disabled until original UnitModel evidence defines an approved profile. XFI has direction ranges but no transform matrix; do not promote current bounds/pivot offset as source truth. Weapon XFI carries direction ranges but no transform matrix; preserve metadata without promoting a runtime attach offset."
"nova_fire_s_arm50_hmsk","datan\common\s_arm50_hmsk.gx","해머쇼크S","Firepower","UnitParts/ArmWeapons","Humanoid","","top","disabled","Disabled","0;0;0","0;0;0","1;1;1","blocked","catalog:artifacts/nova1492/nova_part_catalog.csv; xfi:artifacts/nova1492/nova_unitpart_xfi_manifest.csv; proposal:artifacts/nova1492/nova_xfi_alignment_proposal.csv; source:datan\common\s_arm50_hmsk.gx","pending","direction-only","numeric_slot_code","0","7","xfi_weapon_direction_only","Humanoid is a part assembly form; keep disabled until original UnitModel evidence defines an approved profile. XFI has direction ranges but no transform matrix; do not promote current bounds/pivot offset as source truth. Weapon XFI carries direction ranges but no transform matrix; preserve metadata without promoting a runtime attach offset."
"nova_fire_s_arm52_bzk","datan\common\s_arm52_bzk.gx","바주카S","Firepower","UnitParts/ArmWeapons","Humanoid","","top","disabled","Disabled","0;0;0","0;0;0","1;1;1","blocked","catalog:artifacts/nova1492/nova_part_catalog.csv; xfi:artifacts/nova1492/nova_unitpart_xfi_manifest.csv; proposal:artifacts/nova1492/nova_xfi_alignment_proposal.csv; source:datan\common\s_arm52_bzk.gx","pending","direction-only","numeric_slot_code","0","7","xfi_weapon_direction_only","Humanoid is a part assembly form; keep disabled until original UnitModel evidence defines an approved profile. XFI has direction ranges but no transform matrix; do not promote current bounds/pivot offset as source truth. Weapon XFI carries direction ranges but no transform matrix; preserve metadata without promoting a runtime attach offset."
"nova_fire_arm10_broz","datan\common\arm10_broz.gx","블레이즈","Firepower","UnitParts/ArmWeapons","Shoulder","","lshd|rshd","pair","ShoulderPair","0;0;0","0;0;0","1;1;1","review","catalog:artifacts/nova1492/nova_part_catalog.csv; xfi:artifacts/nova1492/nova_unitpart_xfi_manifest.csv; proposal:artifacts/nova1492/nova_xfi_alignment_proposal.csv; source:datan\common\arm10_broz.gx","pending","direction-only","numeric_slot_code","0","7","xfi_weapon_direction_only","XFI has direction ranges but no transform matrix; do not promote current bounds/pivot offset as source truth. Weapon XFI carries direction ranges but no transform matrix; preserve metadata without promoting a runtime attach offset."
"nova_fire_arm17_prrs","datan\common\arm17_prrs.gx","프롤릭스","Firepower","UnitParts/ArmWeapons","Shoulder","","lshd|rshd","pair","ShoulderPair","0;0;0","0;0;0","1;1;1","review","catalog:artifacts/nova1492/nova_part_catalog.csv; xfi:artifacts/nova1492/nova_unitpart_xfi_manifest.csv; proposal:artifacts/nova1492/nova_xfi_alignment_proposal.csv; source:datan\common\arm17_prrs.gx","pending","direction-only","numeric_slot_code","0","7","xfi_weapon_direction_only","XFI has direction ranges but no transform matrix; do not promote current bounds/pivot offset as source truth. Weapon XFI carries direction ranges but no transform matrix; preserve metadata without promoting a runtime attach offset."
"nova_fire_arm18_knst","datan\common\arm18_knst.gx","캐니스터","Firepower","UnitParts/ArmWeapons","Shoulder","","lshd|rshd","pair","ShoulderPair","0;0;0","0;0;0","1;1;1","review","catalog:artifacts/nova1492/nova_part_catalog.csv; xfi:artifacts/nova1492/nova_unitpart_xfi_manifest.csv; proposal:artifacts/nova1492/nova_xfi_alignment_proposal.csv; source:datan\common\arm18_knst.gx","pending","direction-only","numeric_slot_code","0","7","xfi_weapon_direction_only","XFI has direction ranges but no transform matrix; do not promote current bounds/pivot offset as source truth. Weapon XFI carries direction ranges but no transform matrix; preserve metadata without promoting a runtime attach offset."
"nova_fire_arm19_roz","datan\common\arm19_roz.gx","레이저","Firepower","UnitParts/ArmWeapons","Shoulder","","lshd|rshd","pair","ShoulderPair","0;0;0","0;0;0","1;1;1","review","catalog:artifacts/nova1492/nova_part_catalog.csv; xfi:artifacts/nova1492/nova_unitpart_xfi_manifest.csv; proposal:artifacts/nova1492/nova_xfi_alignment_proposal.csv; source:datan\common\arm19_roz.gx","pending","direction-only","numeric_slot_code","0","7","xfi_weapon_direction_only","XFI has direction ranges but no transform matrix; do not promote current bounds/pivot offset as source truth. Weapon XFI carries direction ranges but no transform matrix; preserve metadata without promoting a runtime attach offset."
"nova_fire_arm20_rkto","datan\common\arm20_rkto.gx","로켓티어","Firepower","UnitParts/ArmWeapons","Shoulder","","lshd|rshd","pair","ShoulderPair","0;0;0","0;0;0","1;1;1","review","catalog:artifacts/nova1492/nova_part_catalog.csv; xfi:artifacts/nova1492/nova_unitpart_xfi_manifest.csv; proposal:artifacts/nova1492/nova_xfi_alignment_proposal.csv; source:datan\common\arm20_rkto.gx","pending","direction-only","numeric_slot_code","0","7","xfi_weapon_direction_only","XFI has direction ranges but no transform matrix; do not promote current bounds/pivot offset as source truth. Weapon XFI carries direction ranges but no transform matrix; preserve metadata without promoting a runtime attach offset."
"nova_fire_arm31_skokr","datan\common\arm31_skokr.gx","스카이킬러","Firepower","UnitParts/ArmWeapons","Shoulder","","lshd|rshd","pair","ShoulderPair","0;0;0","0;0;0","1;1;1","review","catalog:artifacts/nova1492/nova_part_catalog.csv; xfi:artifacts/nova1492/nova_unitpart_xfi_manifest.csv; proposal:artifacts/nova1492/nova_xfi_alignment_proposal.csv; source:datan\common\arm31_skokr.gx","pending","direction-only","numeric_slot_code","0","7","xfi_weapon_direction_only","XFI has direction ranges but no transform matrix; do not promote current bounds/pivot offset as source truth. Weapon XFI carries direction ranges but no transform matrix; preserve metadata without promoting a runtime attach offset."
"nova_fire_arm35_ons","datan\common\arm35_ons.gx","오닉스","Firepower","UnitParts/ArmWeapons","Shoulder","","lshd|rshd","pair","ShoulderPair","0;0;0","0;0;0","1;1;1","review","catalog:artifacts/nova1492/nova_part_catalog.csv; xfi:artifacts/nova1492/nova_unitpart_xfi_manifest.csv; proposal:artifacts/nova1492/nova_xfi_alignment_proposal.csv; source:datan\common\arm35_ons.gx","pending","direction-only","numeric_slot_code","0","7","xfi_weapon_direction_only","XFI has direction ranges but no transform matrix; do not promote current bounds/pivot offset as source truth. Weapon XFI carries direction ranges but no transform matrix; preserve metadata without promoting a runtime attach offset."
"nova_fire_arm37_sts","datan\common\arm37_sts.gx","스틱스","Firepower","UnitParts/ArmWeapons","Shoulder","","lshd|rshd","pair","ShoulderPair","0;0;0","0;0;0","1;1;1","review","catalog:artifacts/nova1492/nova_part_catalog.csv; xfi:artifacts/nova1492/nova_unitpart_xfi_manifest.csv; proposal:artifacts/nova1492/nova_xfi_alignment_proposal.csv; source:datan\common\arm37_sts.gx","pending","direction-only","numeric_slot_code","0","7","xfi_weapon_direction_only","XFI has direction ranges but no transform matrix; do not promote current bounds/pivot offset as source truth. Weapon XFI carries direction ranges but no transform matrix; preserve metadata without promoting a runtime attach offset."
"nova_fire_arm41_onoo","datan\common\arm41_onoo.gx","아누아이","Firepower","UnitParts/ArmWeapons","Shoulder","","lshd|rshd","pair","ShoulderPair","0;0;0","0;0;0","1;1;1","review","catalog:artifacts/nova1492/nova_part_catalog.csv; xfi:artifacts/nova1492/nova_unitpart_xfi_manifest.csv; proposal:artifacts/nova1492/nova_xfi_alignment_proposal.csv; source:datan\common\arm41_onoo.gx","pending","direction-only","numeric_slot_code","0","7","xfi_weapon_direction_only","XFI has direction ranges but no transform matrix; do not promote current bounds/pivot offset as source truth. Weapon XFI carries direction ranges but no transform matrix; preserve metadata without promoting a runtime attach offset."
"nova_fire_arm8_do","datan\common\arm8_do.gx","듀얼건","Firepower","UnitParts/ArmWeapons","Shoulder","","lshd|rshd","pair","ShoulderPair","0;0;0","0;0;0","1;1;1","review","catalog:artifacts/nova1492/nova_part_catalog.csv; xfi:artifacts/nova1492/nova_unitpart_xfi_manifest.csv; proposal:artifacts/nova1492/nova_xfi_alignment_proposal.csv; source:datan\common\arm8_do.gx","pending","direction-only","numeric_slot_code","0","7","xfi_weapon_direction_only","XFI has direction ranges but no transform matrix; do not promote current bounds/pivot offset as source truth. Weapon XFI carries direction ranges but no transform matrix; preserve metadata without promoting a runtime attach offset."
"nova_fire_g_arm56_prrs","datan\common\g_arm56_prrs.gx","프롤릭스G","Firepower","UnitParts/ArmWeapons","Shoulder","","lshd|rshd","pair","ShoulderPair","0;0;0","0;0;0","1;1;1","review","catalog:artifacts/nova1492/nova_part_catalog.csv; xfi:artifacts/nova1492/nova_unitpart_xfi_manifest.csv; proposal:artifacts/nova1492/nova_xfi_alignment_proposal.csv; source:datan\common\g_arm56_prrs.gx","pending","direction-only","numeric_slot_code","0","7","xfi_weapon_direction_only","XFI has direction ranges but no transform matrix; do not promote current bounds/pivot offset as source truth. Weapon XFI carries direction ranges but no transform matrix; preserve metadata without promoting a runtime attach offset."
"nova_fire_n_arm62_knst","datan\common\n_arm62_knst.gx","캐니스터N","Firepower","UnitParts/ArmWeapons","Shoulder","","lshd|rshd","pair","ShoulderPair","0;0;0","0;0;0","1;1;1","review","catalog:artifacts/nova1492/nova_part_catalog.csv; xfi:artifacts/nova1492/nova_unitpart_xfi_manifest.csv; proposal:artifacts/nova1492/nova_xfi_alignment_proposal.csv; source:datan\common\n_arm62_knst.gx","pending","direction-only","numeric_slot_code","0","7","xfi_weapon_direction_only","XFI has direction ranges but no transform matrix; do not promote current bounds/pivot offset as source truth. Weapon XFI carries direction ranges but no transform matrix; preserve metadata without promoting a runtime attach offset."
"nova_fire_n_arm63_krst","datan\common\n_arm63_krst.gx","클러스터N","Firepower","UnitParts/ArmWeapons","Shoulder","","lshd|rshd","pair","ShoulderPair","0;0;0","0;0;0","1;1;1","review","catalog:artifacts/nova1492/nova_part_catalog.csv; xfi:artifacts/nova1492/nova_unitpart_xfi_manifest.csv; proposal:artifacts/nova1492/nova_xfi_alignment_proposal.csv; source:datan\common\n_arm63_krst.gx","pending","direction-only","numeric_slot_code","0","7","xfi_weapon_direction_only","XFI has direction ranges but no transform matrix; do not promote current bounds/pivot offset as source truth. Weapon XFI carries direction ranges but no transform matrix; preserve metadata without promoting a runtime attach offset."
"nova_fire_n_arm67_sts","datan\common\n_arm67_sts.gx","스틱스N","Firepower","UnitParts/ArmWeapons","Shoulder","","lshd|rshd","pair","ShoulderPair","0;0;0","0;0;0","1;1;1","review","catalog:artifacts/nova1492/nova_part_catalog.csv; xfi:artifacts/nova1492/nova_unitpart_xfi_manifest.csv; proposal:artifacts/nova1492/nova_xfi_alignment_proposal.csv; source:datan\common\n_arm67_sts.gx","pending","direction-only","numeric_slot_code","0","7","xfi_weapon_direction_only","XFI has direction ranges but no transform matrix; do not promote current bounds/pivot offset as source truth. Weapon XFI carries direction ranges but no transform matrix; preserve metadata without promoting a runtime attach offset."
"nova_fire_n_arm68_roz","datan\common\n_arm68_roz.gx","레이저N","Firepower","UnitParts/ArmWeapons","Shoulder","","lshd|rshd","pair","ShoulderPair","0;0;0","0;0;0","1;1;1","review","catalog:artifacts/nova1492/nova_part_catalog.csv; xfi:artifacts/nova1492/nova_unitpart_xfi_manifest.csv; proposal:artifacts/nova1492/nova_xfi_alignment_proposal.csv; source:datan\common\n_arm68_roz.gx","pending","direction-only","numeric_slot_code","0","7","xfi_weapon_direction_only","XFI has direction ranges but no transform matrix; do not promote current bounds/pivot offset as source truth. Weapon XFI carries direction ranges but no transform matrix; preserve metadata without promoting a runtime attach offset."
"nova_fire_s_arm53_ons","datan\common\s_arm53_ons.gx","오닉스S","Firepower","UnitParts/ArmWeapons","Shoulder","","lshd|rshd","pair","ShoulderPair","0;0;0","0;0;0","1;1;1","review","catalog:artifacts/nova1492/nova_part_catalog.csv; xfi:artifacts/nova1492/nova_unitpart_xfi_manifest.csv; proposal:artifacts/nova1492/nova_xfi_alignment_proposal.csv; source:datan\common\s_arm53_ons.gx","pending","direction-only","numeric_slot_code","0","7","xfi_weapon_direction_only","XFI has direction ranges but no transform matrix; do not promote current bounds/pivot offset as source truth. Weapon XFI carries direction ranges but no transform matrix; preserve metadata without promoting a runtime attach offset."
"nova_fire_s_arm54_onoo","datan\common\s_arm54_onoo.gx","아누아이S","Firepower","UnitParts/ArmWeapons","Shoulder","","lshd|rshd","pair","ShoulderPair","0;0;0","0;0;0","1;1;1","review","catalog:artifacts/nova1492/nova_part_catalog.csv; xfi:artifacts/nova1492/nova_unitpart_xfi_manifest.csv; proposal:artifacts/nova1492/nova_xfi_alignment_proposal.csv; source:datan\common\s_arm54_onoo.gx","pending","direction-only","numeric_slot_code","0","7","xfi_weapon_direction_only","XFI has direction ranges but no transform matrix; do not promote current bounds/pivot offset as source truth. Weapon XFI carries direction ranges but no transform matrix; preserve metadata without promoting a runtime attach offset."
"nova_fire_arm1_sz","datan\common\arm1_sz.gx","시즈","Firepower","UnitParts/ArmWeapons","Tower","","top","single","FrameTopSocket","0;0;0","0;0;0","1;1;1","review","catalog:artifacts/nova1492/nova_part_catalog.csv; xfi:artifacts/nova1492/nova_unitpart_xfi_manifest.csv; proposal:artifacts/nova1492/nova_xfi_alignment_proposal.csv; source:datan\common\arm1_sz.gx","pending","direction-only","numeric_slot_code","0","7","xfi_weapon_direction_only","XFI has direction ranges but no transform matrix; do not promote current bounds/pivot offset as source truth. Weapon XFI carries direction ranges but no transform matrix; preserve metadata without promoting a runtime attach offset."
"nova_fire_arm11_poms","datan\common\arm11_poms.gx","파워맥스","Firepower","UnitParts/ArmWeapons","Tower","","top","single","FrameTopSocket","0;0;0","0;0;0","1;1;1","review","catalog:artifacts/nova1492/nova_part_catalog.csv; xfi:artifacts/nova1492/nova_unitpart_xfi_manifest.csv; proposal:artifacts/nova1492/nova_xfi_alignment_proposal.csv; source:datan\common\arm11_poms.gx","pending","direction-only","numeric_slot_code","0","7","xfi_weapon_direction_only","XFI has direction ranges but no transform matrix; do not promote current bounds/pivot offset as source truth. Weapon XFI carries direction ranges but no transform matrix; preserve metadata without promoting a runtime attach offset."
"nova_fire_arm12_onms","datan\common\arm12_onms.gx","에너맥스","Firepower","UnitParts/ArmWeapons","Tower","","top","single","FrameTopSocket","0;0;0","0;0;0","1;1;1","review","catalog:artifacts/nova1492/nova_part_catalog.csv; xfi:artifacts/nova1492/nova_unitpart_xfi_manifest.csv; proposal:artifacts/nova1492/nova_xfi_alignment_proposal.csv; source:datan\common\arm12_onms.gx","pending","direction-only","numeric_slot_code","0","7","xfi_weapon_direction_only","XFI has direction ranges but no transform matrix; do not promote current bounds/pivot offset as source truth. Weapon XFI carries direction ranges but no transform matrix; preserve metadata without promoting a runtime attach offset."
"nova_fire_arm13_prs","datan\common\arm13_prs.gx","팔랑스","Firepower","UnitParts/ArmWeapons","Tower","","top","single","FrameTopSocket","0;0;0","0;0;0","1;1;1","review","catalog:artifacts/nova1492/nova_part_catalog.csv; xfi:artifacts/nova1492/nova_unitpart_xfi_manifest.csv; proposal:artifacts/nova1492/nova_xfi_alignment_proposal.csv; source:datan\common\arm13_prs.gx","pending","direction-only","numeric_slot_code","0","7","xfi_weapon_direction_only","XFI has direction ranges but no transform matrix; do not promote current bounds/pivot offset as source truth. Weapon XFI carries direction ranges but no transform matrix; preserve metadata without promoting a runtime attach offset."
"nova_fire_arm21_nmsz","datan\common\arm21_nmsz.gx","네메시즈","Firepower","UnitParts/ArmWeapons","Tower","","top","single","FrameTopSocket","0;0;0","0;0;0","1;1;1","review","catalog:artifacts/nova1492/nova_part_catalog.csv; xfi:artifacts/nova1492/nova_unitpart_xfi_manifest.csv; proposal:artifacts/nova1492/nova_xfi_alignment_proposal.csv; source:datan\common\arm21_nmsz.gx","pending","direction-only","numeric_slot_code","0","7","xfi_weapon_direction_only","XFI has direction ranges but no transform matrix; do not promote current bounds/pivot offset as source truth. Weapon XFI carries direction ranges but no transform matrix; preserve metadata without promoting a runtime attach offset."
"nova_fire_arm22_bsrsk","datan\common\arm22_bsrsk.gx","바실리스크","Firepower","UnitParts/ArmWeapons","Tower","","top","single","FrameTopSocket","0;0;0","0;0;0","1;1;1","review","catalog:artifacts/nova1492/nova_part_catalog.csv; xfi:artifacts/nova1492/nova_unitpart_xfi_manifest.csv; proposal:artifacts/nova1492/nova_xfi_alignment_proposal.csv; source:datan\common\arm22_bsrsk.gx","pending","direction-only","numeric_slot_code","0","7","xfi_weapon_direction_only","XFI has direction ranges but no transform matrix; do not promote current bounds/pivot offset as source truth. Weapon XFI carries direction ranges but no transform matrix; preserve metadata without promoting a runtime attach offset."
"nova_fire_arm25_skoob","datan\common\arm25_skoob.gx","쇼크웨이브","Firepower","UnitParts/ArmWeapons","Tower","","top","single","FrameTopSocket","0;0;0","0;0;0","1;1;1","review","catalog:artifacts/nova1492/nova_part_catalog.csv; xfi:artifacts/nova1492/nova_unitpart_xfi_manifest.csv; proposal:artifacts/nova1492/nova_xfi_alignment_proposal.csv; source:datan\common\arm25_skoob.gx","pending","direction-only","numeric_slot_code","0","7","xfi_weapon_direction_only","XFI has direction ranges but no transform matrix; do not promote current bounds/pivot offset as source truth. Weapon XFI carries direction ranges but no transform matrix; preserve metadata without promoting a runtime attach offset."
"nova_fire_arm26_srmd","datan\common\arm26_srmd.gx","사라만다","Firepower","UnitParts/ArmWeapons","Tower","","top","single","FrameTopSocket","0;0;0","0;0;0","1;1;1","review","catalog:artifacts/nova1492/nova_part_catalog.csv; xfi:artifacts/nova1492/nova_unitpart_xfi_manifest.csv; proposal:artifacts/nova1492/nova_xfi_alignment_proposal.csv; source:datan\common\arm26_srmd.gx","pending","direction-only","numeric_slot_code","0","7","xfi_weapon_direction_only","XFI has direction ranges but no transform matrix; do not promote current bounds/pivot offset as source truth. Weapon XFI carries direction ranges but no transform matrix; preserve metadata without promoting a runtime attach offset."
"nova_fire_arm27_stst","datan\common\arm27_stst.gx","슈팅스타","Firepower","UnitParts/ArmWeapons","Tower","","top","single","FrameTopSocket","0;0;0","0;0;0","1;1;1","review","catalog:artifacts/nova1492/nova_part_catalog.csv; xfi:artifacts/nova1492/nova_unitpart_xfi_manifest.csv; proposal:artifacts/nova1492/nova_xfi_alignment_proposal.csv; source:datan\common\arm27_stst.gx","pending","direction-only","numeric_slot_code","0","7","xfi_weapon_direction_only","XFI has direction ranges but no transform matrix; do not promote current bounds/pivot offset as source truth. Weapon XFI carries direction ranges but no transform matrix; preserve metadata without promoting a runtime attach offset."
"nova_fire_arm28_ozs","datan\common\arm28_ozs.gx","이지스","Firepower","UnitParts/ArmWeapons","Tower","","top","single","FrameTopSocket","0;0;0","0;0;0","1;1;1","review","catalog:artifacts/nova1492/nova_part_catalog.csv; xfi:artifacts/nova1492/nova_unitpart_xfi_manifest.csv; proposal:artifacts/nova1492/nova_xfi_alignment_proposal.csv; source:datan\common\arm28_ozs.gx","pending","direction-only","numeric_slot_code","0","7","xfi_weapon_direction_only","XFI has direction ranges but no transform matrix; do not promote current bounds/pivot offset as source truth. Weapon XFI carries direction ranges but no transform matrix; preserve metadata without promoting a runtime attach offset."
"nova_fire_arm30_sm","datan\common\arm30_sm.gx","서먼","Firepower","UnitParts/ArmWeapons","Tower","","top","single","FrameTopSocket","0;0;0","0;0;0","1;1;1","review","catalog:artifacts/nova1492/nova_part_catalog.csv; xfi:artifacts/nova1492/nova_unitpart_xfi_manifest.csv; proposal:artifacts/nova1492/nova_xfi_alignment_proposal.csv; source:datan\common\arm30_sm.gx","pending","direction-only","numeric_slot_code","0","7","xfi_weapon_direction_only","XFI has direction ranges but no transform matrix; do not promote current bounds/pivot offset as source truth. Weapon XFI carries direction ranges but no transform matrix; preserve metadata without promoting a runtime attach offset."
"nova_fire_arm33_hkoo","datan\common\arm33_hkoo.gx","호크아이","Firepower","UnitParts/ArmWeapons","Tower","","top","single","FrameTopSocket","0;0;0","0;0;0","1;1;1","review","catalog:artifacts/nova1492/nova_part_catalog.csv; xfi:artifacts/nova1492/nova_unitpart_xfi_manifest.csv; proposal:artifacts/nova1492/nova_xfi_alignment_proposal.csv; source:datan\common\arm33_hkoo.gx","pending","direction-only","numeric_slot_code","0","7","xfi_weapon_direction_only","XFI has direction ranges but no transform matrix; do not promote current bounds/pivot offset as source truth. Weapon XFI carries direction ranges but no transform matrix; preserve metadata without promoting a runtime attach offset."
"nova_fire_arm34_skpo","datan\common\arm34_skpo.gx","스콜피오","Firepower","UnitParts/ArmWeapons","Tower","","top","single","FrameTopSocket","0;0;0","0;0;0","1;1;1","review","catalog:artifacts/nova1492/nova_part_catalog.csv; xfi:artifacts/nova1492/nova_unitpart_xfi_manifest.csv; proposal:artifacts/nova1492/nova_xfi_alignment_proposal.csv; source:datan\common\arm34_skpo.gx","pending","direction-only","numeric_slot_code","0","7","xfi_weapon_direction_only","XFI has direction ranges but no transform matrix; do not promote current bounds/pivot offset as source truth. Weapon XFI carries direction ranges but no transform matrix; preserve metadata without promoting a runtime attach offset."
"nova_fire_arm36_bnso","datan\common\arm36_bnso.gx","버닝소울","Firepower","UnitParts/ArmWeapons","Tower","","top","single","FrameTopSocket","0;0;0","0;0;0","1;1;1","review","catalog:artifacts/nova1492/nova_part_catalog.csv; xfi:artifacts/nova1492/nova_unitpart_xfi_manifest.csv; proposal:artifacts/nova1492/nova_xfi_alignment_proposal.csv; source:datan\common\arm36_bnso.gx","pending","direction-only","numeric_slot_code","0","7","xfi_weapon_direction_only","XFI has direction ranges but no transform matrix; do not promote current bounds/pivot offset as source truth. Weapon XFI carries direction ranges but no transform matrix; preserve metadata without promoting a runtime attach offset."
"nova_fire_arm4_bk","datan\common\arm4_bk.gx","발칸","Firepower","UnitParts/ArmWeapons","Tower","","top","single","FrameTopSocket","0;0;0","0;0;0","1;1;1","review","catalog:artifacts/nova1492/nova_part_catalog.csv; xfi:artifacts/nova1492/nova_unitpart_xfi_manifest.csv; proposal:artifacts/nova1492/nova_xfi_alignment_proposal.csv; source:datan\common\arm4_bk.gx","pending","direction-only","numeric_slot_code","0","7","xfi_weapon_direction_only","XFI has direction ranges but no transform matrix; do not promote current bounds/pivot offset as source truth. Weapon XFI carries direction ranges but no transform matrix; preserve metadata without promoting a runtime attach offset."
"nova_fire_arm43_przso","datan\common\arm43_przso.gx","프리징소울","Firepower","UnitParts/ArmWeapons","Tower","","top","single","FrameTopSocket","0;0;0","0;0;0","1;1;1","review","catalog:artifacts/nova1492/nova_part_catalog.csv; xfi:artifacts/nova1492/nova_unitpart_xfi_manifest.csv; proposal:artifacts/nova1492/nova_xfi_alignment_proposal.csv; source:datan\common\arm43_przso.gx","pending","direction-only","numeric_slot_code","0","7","xfi_weapon_direction_only","XFI has direction ranges but no transform matrix; do not promote current bounds/pivot offset as source truth. Weapon XFI carries direction ranges but no transform matrix; preserve metadata without promoting a runtime attach offset."
"nova_fire_g_arm57_prs","datan\common\g_arm57_prs.gx","팔랑스G","Firepower","UnitParts/ArmWeapons","Tower","","top","single","FrameTopSocket","0;0;0","0;0;0","1;1;1","review","catalog:artifacts/nova1492/nova_part_catalog.csv; xfi:artifacts/nova1492/nova_unitpart_xfi_manifest.csv; proposal:artifacts/nova1492/nova_xfi_alignment_proposal.csv; source:datan\common\g_arm57_prs.gx","pending","direction-only","numeric_slot_code","0","7","xfi_weapon_direction_only","XFI has direction ranges but no transform matrix; do not promote current bounds/pivot offset as source truth. Weapon XFI carries direction ranges but no transform matrix; preserve metadata without promoting a runtime attach offset."
"nova_fire_n_arm59_dmsz","datan\common\n_arm59_dmsz.gx","데미시즈N","Firepower","UnitParts/ArmWeapons","Tower","","top","single","FrameTopSocket","0;0;0","0;0;0","1;1;1","review","catalog:artifacts/nova1492/nova_part_catalog.csv; xfi:artifacts/nova1492/nova_unitpart_xfi_manifest.csv; proposal:artifacts/nova1492/nova_xfi_alignment_proposal.csv; source:datan\common\n_arm59_dmsz.gx","pending","direction-only","numeric_slot_code","0","7","xfi_weapon_direction_only","XFI has direction ranges but no transform matrix; do not promote current bounds/pivot offset as source truth. Weapon XFI carries direction ranges but no transform matrix; preserve metadata without promoting a runtime attach offset."
"nova_fire_n_arm61_bsrsk","datan\common\n_arm61_bsrsk.gx","바실리스크N","Firepower","UnitParts/ArmWeapons","Tower","","top","single","FrameTopSocket","0;0;0","0;0;0","1;1;1","review","catalog:artifacts/nova1492/nova_part_catalog.csv; xfi:artifacts/nova1492/nova_unitpart_xfi_manifest.csv; proposal:artifacts/nova1492/nova_xfi_alignment_proposal.csv; source:datan\common\n_arm61_bsrsk.gx","pending","direction-only","numeric_slot_code","0","7","xfi_weapon_direction_only","XFI has direction ranges but no transform matrix; do not promote current bounds/pivot offset as source truth. Weapon XFI carries direction ranges but no transform matrix; preserve metadata without promoting a runtime attach offset."
"nova_fire_n_arm66_skpo","datan\common\n_arm66_skpo.gx","스콜피오N","Firepower","UnitParts/ArmWeapons","Tower","","top","single","FrameTopSocket","0;0;0","0;0;0","1;1;1","review","catalog:artifacts/nova1492/nova_part_catalog.csv; xfi:artifacts/nova1492/nova_unitpart_xfi_manifest.csv; proposal:artifacts/nova1492/nova_xfi_alignment_proposal.csv; source:datan\common\n_arm66_skpo.gx","pending","direction-only","numeric_slot_code","0","7","xfi_weapon_direction_only","XFI has direction ranges but no transform matrix; do not promote current bounds/pivot offset as source truth. Weapon XFI carries direction ranges but no transform matrix; preserve metadata without promoting a runtime attach offset."
"nova_frame_body10_skdr","datan\common\body10_skdr.gx","스쿼드론","Frame","UnitParts/Bodies","Humanoid","","body","disabled","Disabled","0;-0.000007;-0.000007","0;0;0","1;1;1","blocked","catalog:artifacts/nova1492/nova_part_catalog.csv; xfi:artifacts/nova1492/nova_unitpart_xfi_manifest.csv; proposal:artifacts/nova1492/nova_xfi_alignment_proposal.csv; source:datan\common\body10_skdr.gx","pending","transform-bearing","numeric_slot_code","5","7","xfi_body_top_socket_candidate","Humanoid is a part assembly form; keep disabled until original UnitModel evidence defines an approved profile. Body XFI transform index 2 appears to be the top/firepower socket. Runtime still needs a frame-top socket field before direct asset promotion."
"nova_frame_body17_rzmt","datan\common\body17_rzmt.gx","레지먼트","Frame","UnitParts/Bodies","Humanoid","","body","disabled","Disabled","0;-0.000113;0","0;0;0","1;1;1","blocked","catalog:artifacts/nova1492/nova_part_catalog.csv; xfi:artifacts/nova1492/nova_unitpart_xfi_manifest.csv; proposal:artifacts/nova1492/nova_xfi_alignment_proposal.csv; source:datan\common\body17_rzmt.gx","pending","transform-bearing","numeric_slot_code","5","7","xfi_body_top_socket_candidate","Humanoid is a part assembly form; keep disabled until original UnitModel evidence defines an approved profile. Body XFI transform index 2 appears to be the top/firepower socket. Runtime still needs a frame-top socket field before direct asset promotion."
"nova_frame_body18_brgod","datan\common\body18_brgod.gx","브리게이드","Frame","UnitParts/Bodies","Humanoid","","body","disabled","Disabled","0;-0.000015;0","0;0;0","1;1;1","blocked","catalog:artifacts/nova1492/nova_part_catalog.csv; xfi:artifacts/nova1492/nova_unitpart_xfi_manifest.csv; proposal:artifacts/nova1492/nova_xfi_alignment_proposal.csv; source:datan\common\body18_brgod.gx","pending","transform-bearing","numeric_slot_code","5","7","xfi_body_top_socket_candidate","Humanoid is a part assembly form; keep disabled until original UnitModel evidence defines an approved profile. Body XFI transform index 2 appears to be the top/firepower socket. Runtime still needs a frame-top socket field before direct asset promotion."
"nova_frame_body2_prt","datan\common\body2_prt.gx","플래툰","Frame","UnitParts/Bodies","Humanoid","","body","disabled","Disabled","0.000281;0.000004;0.000006","0;0;0","1;1;1","blocked","catalog:artifacts/nova1492/nova_part_catalog.csv; xfi:artifacts/nova1492/nova_unitpart_xfi_manifest.csv; proposal:artifacts/nova1492/nova_xfi_alignment_proposal.csv; source:datan\common\body2_prt.gx","pending","transform-bearing","numeric_slot_code","5","7","xfi_body_top_socket_candidate","Humanoid is a part assembly form; keep disabled until original UnitModel evidence defines an approved profile. Body XFI transform index 2 appears to be the top/firepower socket. Runtime still needs a frame-top socket field before direct asset promotion."
"nova_frame_body21_rzo","datan\common\body21_rzo.gx","레지온","Frame","UnitParts/Bodies","Humanoid","","body","disabled","Disabled","0;0;0","0;0;0","1;1;1","blocked","catalog:artifacts/nova1492/nova_part_catalog.csv; xfi:artifacts/nova1492/nova_unitpart_xfi_manifest.csv; proposal:artifacts/nova1492/nova_xfi_alignment_proposal.csv; source:datan\common\body21_rzo.gx","pending","transform-bearing","numeric_slot_code","5","7","xfi_body_top_socket_candidate","Humanoid is a part assembly form; keep disabled until original UnitModel evidence defines an approved profile. Body XFI transform index 2 appears to be the top/firepower socket. Runtime still needs a frame-top socket field before direct asset promotion."
"nova_frame_body26_kp","datan\common\body26_kp.gx","킹핀","Frame","UnitParts/Bodies","Humanoid","","body","disabled","Disabled","0;0;0","0;0;0","1;1;1","blocked","catalog:artifacts/nova1492/nova_part_catalog.csv; xfi:artifacts/nova1492/nova_unitpart_xfi_manifest.csv; proposal:artifacts/nova1492/nova_xfi_alignment_proposal.csv; source:datan\common\body26_kp.gx","pending","transform-bearing","numeric_slot_code","5","7","xfi_body_top_socket_candidate","Humanoid is a part assembly form; keep disabled until original UnitModel evidence defines an approved profile. Body XFI transform index 2 appears to be the top/firepower socket. Runtime still needs a frame-top socket field before direct asset promotion."
"nova_frame_body28_kp2","datan\common\body28_kp2.gx","킹핀II","Frame","UnitParts/Bodies","Humanoid","","body","disabled","Disabled","0;0;0","0;0;0","1;1;1","blocked","catalog:artifacts/nova1492/nova_part_catalog.csv; xfi:artifacts/nova1492/nova_unitpart_xfi_manifest.csv; proposal:artifacts/nova1492/nova_xfi_alignment_proposal.csv; source:datan\common\body28_kp2.gx","pending","transform-bearing","numeric_slot_code","5","7","xfi_body_top_socket_candidate","Humanoid is a part assembly form; keep disabled until original UnitModel evidence defines an approved profile. Body XFI transform index 2 appears to be the top/firepower socket. Runtime still needs a frame-top socket field before direct asset promotion."
"nova_frame_body36_rzn","datan\common\body36_rzn.gx","레지널","Frame","UnitParts/Bodies","Humanoid","","body","disabled","Disabled","0;-0.000324;0","0;0;0","1;1;1","blocked","catalog:artifacts/nova1492/nova_part_catalog.csv; xfi:artifacts/nova1492/nova_unitpart_xfi_manifest.csv; proposal:artifacts/nova1492/nova_xfi_alignment_proposal.csv; source:datan\common\body36_rzn.gx","pending","transform-bearing","numeric_slot_code","5","7","xfi_body_top_socket_candidate","Humanoid is a part assembly form; keep disabled until original UnitModel evidence defines an approved profile. Body XFI transform index 2 appears to be the top/firepower socket. Runtime still needs a frame-top socket field before direct asset promotion."
"nova_frame_body38_qrso","datan\common\body38_qrso.gx","퀴러시어","Frame","UnitParts/Bodies","Humanoid","","body","disabled","Disabled","0;0;0","0;0;0","1;1;1","blocked","catalog:artifacts/nova1492/nova_part_catalog.csv; xfi:artifacts/nova1492/nova_unitpart_xfi_manifest.csv; proposal:artifacts/nova1492/nova_xfi_alignment_proposal.csv; source:datan\common\body38_qrso.gx","pending","transform-bearing","numeric_slot_code","5","7","xfi_body_top_socket_candidate","Humanoid is a part assembly form; keep disabled until original UnitModel evidence defines an approved profile. Body XFI transform index 2 appears to be the top/firepower socket. Runtime still needs a frame-top socket field before direct asset promotion."
"nova_frame_body6_skd","datan\common\body6_skd.gx","스쿼드","Frame","UnitParts/Bodies","Humanoid","","body","disabled","Disabled","-0.000001;-0.000017;0.000008","0;0;0","1;1;1","blocked","catalog:artifacts/nova1492/nova_part_catalog.csv; xfi:artifacts/nova1492/nova_unitpart_xfi_manifest.csv; proposal:artifacts/nova1492/nova_xfi_alignment_proposal.csv; source:datan\common\body6_skd.gx","pending","transform-bearing","numeric_slot_code","5","7","xfi_body_top_socket_candidate","Humanoid is a part assembly form; keep disabled until original UnitModel evidence defines an approved profile. Body XFI transform index 2 appears to be the top/firepower socket. Runtime still needs a frame-top socket field before direct asset promotion."
"nova_frame_body9_btro","datan\common\body9_btro.gx","바탈리언","Frame","UnitParts/Bodies","Humanoid","","body","disabled","Disabled","0;-0.000348;0","0;0;0","1;1;1","blocked","catalog:artifacts/nova1492/nova_part_catalog.csv; xfi:artifacts/nova1492/nova_unitpart_xfi_manifest.csv; proposal:artifacts/nova1492/nova_xfi_alignment_proposal.csv; source:datan\common\body9_btro.gx","pending","transform-bearing","numeric_slot_code","5","7","xfi_body_top_socket_candidate","Humanoid is a part assembly form; keep disabled until original UnitModel evidence defines an approved profile. Body XFI transform index 2 appears to be the top/firepower socket. Runtime still needs a frame-top socket field before direct asset promotion."
"nova_frame_n_body39_brgod","datan\common\n_body39_brgod.gx","브리게이드N","Frame","UnitParts/Bodies","Humanoid","","body","disabled","Disabled","0;-0.000015;0","0;0;0","1;1;1","blocked","catalog:artifacts/nova1492/nova_part_catalog.csv; xfi:artifacts/nova1492/nova_unitpart_xfi_manifest.csv; proposal:artifacts/nova1492/nova_xfi_alignment_proposal.csv; source:datan\common\n_body39_brgod.gx","pending","transform-bearing","numeric_slot_code","5","7","xfi_body_top_socket_candidate","Humanoid is a part assembly form; keep disabled until original UnitModel evidence defines an approved profile. Body XFI transform index 2 appears to be the top/firepower socket. Runtime still needs a frame-top socket field before direct asset promotion."
"nova_frame_n_body43_prt","datan\common\n_body43_prt.gx","플래툰N","Frame","UnitParts/Bodies","Humanoid","","body","disabled","Disabled","0.000281;0.000004;0.000006","0;0;0","1;1;1","blocked","catalog:artifacts/nova1492/nova_part_catalog.csv; xfi:artifacts/nova1492/nova_unitpart_xfi_manifest.csv; proposal:artifacts/nova1492/nova_xfi_alignment_proposal.csv; source:datan\common\n_body43_prt.gx","pending","transform-bearing","numeric_slot_code","5","7","xfi_body_top_socket_candidate","Humanoid is a part assembly form; keep disabled until original UnitModel evidence defines an approved profile. Body XFI transform index 2 appears to be the top/firepower socket. Runtime still needs a frame-top socket field before direct asset promotion."
"nova_frame_n_body47_kp","datan\common\n_body47_kp.gx","킹핀N","Frame","UnitParts/Bodies","Humanoid","","body","disabled","Disabled","0;0;0","0;0;0","1;1;1","blocked","catalog:artifacts/nova1492/nova_part_catalog.csv; xfi:artifacts/nova1492/nova_unitpart_xfi_manifest.csv; proposal:artifacts/nova1492/nova_xfi_alignment_proposal.csv; source:datan\common\n_body47_kp.gx","pending","transform-bearing","numeric_slot_code","5","7","xfi_body_top_socket_candidate","Humanoid is a part assembly form; keep disabled until original UnitModel evidence defines an approved profile. Body XFI transform index 2 appears to be the top/firepower socket. Runtime still needs a frame-top socket field before direct asset promotion."
"nova_frame_n_body49_rzmt","datan\common\n_body49_rzmt.gx","레지먼트N","Frame","UnitParts/Bodies","Humanoid","","body","disabled","Disabled","0;-0.000113;0","0;0;0","1;1;1","blocked","catalog:artifacts/nova1492/nova_part_catalog.csv; xfi:artifacts/nova1492/nova_unitpart_xfi_manifest.csv; proposal:artifacts/nova1492/nova_xfi_alignment_proposal.csv; source:datan\common\n_body49_rzmt.gx","pending","transform-bearing","numeric_slot_code","5","7","xfi_body_top_socket_candidate","Humanoid is a part assembly form; keep disabled until original UnitModel evidence defines an approved profile. Body XFI transform index 2 appears to be the top/firepower socket. Runtime still needs a frame-top socket field before direct asset promotion."
"nova_frame_body13_scro","datan\common\body13_scro.gx","센추리언","Frame","UnitParts/Bodies","Shoulder","","body","pair","ShoulderPair","0.000012;0.105099;0.056286","0;0;0","1;1;1","derived","catalog:artifacts/nova1492/nova_part_catalog.csv; xfi:artifacts/nova1492/nova_unitpart_xfi_manifest.csv; proposal:artifacts/nova1492/nova_xfi_alignment_proposal.csv; source:datan\common\body13_scro.gx","pending","transform-bearing","numeric_slot_code","5","7","xfi_body_top_socket_candidate","Body XFI transform index 2 appears to be the top/firepower socket. Runtime still needs a frame-top socket field before direct asset promotion."
"nova_frame_body14_trb","datan\common\body14_trb.gx","트리뷴","Frame","UnitParts/Bodies","Shoulder","","body","pair","ShoulderPair","-0.000017;0.078109;0.071936","0;0;0","1;1;1","derived","catalog:artifacts/nova1492/nova_part_catalog.csv; xfi:artifacts/nova1492/nova_unitpart_xfi_manifest.csv; proposal:artifacts/nova1492/nova_xfi_alignment_proposal.csv; source:datan\common\body14_trb.gx","pending","transform-bearing","numeric_slot_code","5","7","xfi_body_top_socket_candidate","Body XFI transform index 2 appears to be the top/firepower socket. Runtime still needs a frame-top socket field before direct asset promotion."
"nova_frame_body24_grbs","datan\common\body24_grbs.gx","그라비스","Frame","UnitParts/Bodies","Shoulder","","body","pair","ShoulderPair","-0.000002;0.088166;0.121281","0;0;0","1;1;1","derived","catalog:artifacts/nova1492/nova_part_catalog.csv; xfi:artifacts/nova1492/nova_unitpart_xfi_manifest.csv; proposal:artifacts/nova1492/nova_xfi_alignment_proposal.csv; source:datan\common\body24_grbs.gx","pending","transform-bearing","numeric_slot_code","5","7","xfi_body_top_socket_candidate","Body XFI transform index 2 appears to be the top/firepower socket. Runtime still needs a frame-top socket field before direct asset promotion."
"nova_frame_body27_zns","datan\common\body27_zns.gx","제니스","Frame","UnitParts/Bodies","Shoulder","","body","pair","ShoulderPair","0.000004;0.103095;0.128571","0;0;0","1;1;1","derived","catalog:artifacts/nova1492/nova_part_catalog.csv; xfi:artifacts/nova1492/nova_unitpart_xfi_manifest.csv; proposal:artifacts/nova1492/nova_xfi_alignment_proposal.csv; source:datan\common\body27_zns.gx","pending","transform-bearing","numeric_slot_code","5","7","xfi_body_top_socket_candidate","Body XFI transform index 2 appears to be the top/firepower socket. Runtime still needs a frame-top socket field before direct asset promotion."
"nova_frame_body3_bgd","datan\common\body3_bgd.gx","뱅가드","Frame","UnitParts/Bodies","Shoulder","","body","pair","ShoulderPair","-0.000002;0.104778;0.055154","0;0;0","1;1;1","derived","catalog:artifacts/nova1492/nova_part_catalog.csv; xfi:artifacts/nova1492/nova_unitpart_xfi_manifest.csv; proposal:artifacts/nova1492/nova_xfi_alignment_proposal.csv; source:datan\common\body3_bgd.gx","pending","transform-bearing","numeric_slot_code","5","7","xfi_body_top_socket_candidate","Body XFI transform index 2 appears to be the top/firepower socket. Runtime still needs a frame-top socket field before direct asset promotion."
"nova_frame_body32_brps","datan\common\body32_brps.gx","플랫피쉬","Frame","UnitParts/Bodies","Shoulder","","body","pair","ShoulderPair","-0.000514;0.112077;0.162133","0;0;0","1;1;1","derived","catalog:artifacts/nova1492/nova_part_catalog.csv; xfi:artifacts/nova1492/nova_unitpart_xfi_manifest.csv; proposal:artifacts/nova1492/nova_xfi_alignment_proposal.csv; source:datan\common\body32_brps.gx","pending","transform-bearing","numeric_slot_code","5","7","xfi_body_top_socket_candidate","Body XFI transform index 2 appears to be the top/firepower socket. Runtime still needs a frame-top socket field before direct asset promotion."
"nova_frame_body35_trbn","datan\common\body35_trbn.gx","트리뷰널","Frame","UnitParts/Bodies","Shoulder","","body","pair","ShoulderPair","-0.000006;0.103395;0.128571","0;0;0","1;1;1","derived","catalog:artifacts/nova1492/nova_part_catalog.csv; xfi:artifacts/nova1492/nova_unitpart_xfi_manifest.csv; proposal:artifacts/nova1492/nova_xfi_alignment_proposal.csv; source:datan\common\body35_trbn.gx","pending","transform-bearing","numeric_slot_code","5","7","xfi_body_top_socket_candidate","Body XFI transform index 2 appears to be the top/firepower socket. Runtime still needs a frame-top socket field before direct asset promotion."
"nova_frame_body5_skms","datan\common\body5_skms.gx","스쿼미쉬","Frame","UnitParts/Bodies","Shoulder","","body","pair","ShoulderPair","-0.000478;0.095648;-0.015472","0;0;0","1;1;1","derived","catalog:artifacts/nova1492/nova_part_catalog.csv; xfi:artifacts/nova1492/nova_unitpart_xfi_manifest.csv; proposal:artifacts/nova1492/nova_xfi_alignment_proposal.csv; source:datan\common\body5_skms.gx","pending","transform-bearing","numeric_slot_code","5","7","xfi_body_top_socket_candidate","Body XFI transform index 2 appears to be the top/firepower socket. Runtime still needs a frame-top socket field before direct asset promotion."
"nova_frame_body7_mops","datan\common\body7_mops.gx","메인포스","Frame","UnitParts/Bodies","Shoulder","","body","pair","ShoulderPair","-0.000031;0.081095;0.0494","0;0;0","1;1;1","derived","catalog:artifacts/nova1492/nova_part_catalog.csv; xfi:artifacts/nova1492/nova_unitpart_xfi_manifest.csv; proposal:artifacts/nova1492/nova_xfi_alignment_proposal.csv; source:datan\common\body7_mops.gx","pending","transform-bearing","numeric_slot_code","5","7","xfi_body_top_socket_candidate","Body XFI transform index 2 appears to be the top/firepower socket. Runtime still needs a frame-top socket field before direct asset promotion."
"nova_frame_body8_brc","datan\common\body8_brc.gx","블릿츠","Frame","UnitParts/Bodies","Shoulder","","body","pair","ShoulderPair","0.000042;0.099883;0.091007","0;0;0","1;1;1","derived","catalog:artifacts/nova1492/nova_part_catalog.csv; xfi:artifacts/nova1492/nova_unitpart_xfi_manifest.csv; proposal:artifacts/nova1492/nova_xfi_alignment_proposal.csv; source:datan\common\body8_brc.gx","pending","transform-bearing","numeric_slot_code","5","7","xfi_body_top_socket_candidate","Body XFI transform index 2 appears to be the top/firepower socket. Runtime still needs a frame-top socket field before direct asset promotion."
"nova_frame_n_body40_zns","datan\common\n_body40_zns.gx","제니스N","Frame","UnitParts/Bodies","Shoulder","","body","pair","ShoulderPair","0.000004;0.103095;0.128571","0;0;0","1;1;1","derived","catalog:artifacts/nova1492/nova_part_catalog.csv; xfi:artifacts/nova1492/nova_unitpart_xfi_manifest.csv; proposal:artifacts/nova1492/nova_xfi_alignment_proposal.csv; source:datan\common\n_body40_zns.gx","pending","transform-bearing","numeric_slot_code","5","7","xfi_body_top_socket_candidate","Body XFI transform index 2 appears to be the top/firepower socket. Runtime still needs a frame-top socket field before direct asset promotion."
"nova_frame_n_body44_brps","datan\common\n_body44_brps.gx","플랫피쉬N","Frame","UnitParts/Bodies","Shoulder","","body","pair","ShoulderPair","-0.000514;0.112077;0.162133","0;0;0","1;1;1","derived","catalog:artifacts/nova1492/nova_part_catalog.csv; xfi:artifacts/nova1492/nova_unitpart_xfi_manifest.csv; proposal:artifacts/nova1492/nova_xfi_alignment_proposal.csv; source:datan\common\n_body44_brps.gx","pending","transform-bearing","numeric_slot_code","5","7","xfi_body_top_socket_candidate","Body XFI transform index 2 appears to be the top/firepower socket. Runtime still needs a frame-top socket field before direct asset promotion."
"nova_frame_n_body48_grbs","datan\common\n_body48_grbs.gx","그라비스N","Frame","UnitParts/Bodies","Shoulder","","body","pair","ShoulderPair","-0.000002;0.088166;0.121281","0;0;0","1;1;1","derived","catalog:artifacts/nova1492/nova_part_catalog.csv; xfi:artifacts/nova1492/nova_unitpart_xfi_manifest.csv; proposal:artifacts/nova1492/nova_xfi_alignment_proposal.csv; source:datan\common\n_body48_grbs.gx","pending","transform-bearing","numeric_slot_code","5","7","xfi_body_top_socket_candidate","Body XFI transform index 2 appears to be the top/firepower socket. Runtime still needs a frame-top socket field before direct asset promotion."
"nova_frame_n_body50_bgd","datan\common\n_body50_bgd.gx","뱅가드N","Frame","UnitParts/Bodies","Shoulder","","body","pair","ShoulderPair","-0.000002;0.104778;0.055154","0;0;0","1;1;1","derived","catalog:artifacts/nova1492/nova_part_catalog.csv; xfi:artifacts/nova1492/nova_unitpart_xfi_manifest.csv; proposal:artifacts/nova1492/nova_xfi_alignment_proposal.csv; source:datan\common\n_body50_bgd.gx","pending","transform-bearing","numeric_slot_code","5","7","xfi_body_top_socket_candidate","Body XFI transform index 2 appears to be the top/firepower socket. Runtime still needs a frame-top socket field before direct asset promotion."
"nova_frame_body1_sz","datan\common\body1_sz.gx","서전","Frame","UnitParts/Bodies","Tower","","body","single","FrameTopSocket","0;0.107467;-0.059217","0;0;0","1;1;1","derived","catalog:artifacts/nova1492/nova_part_catalog.csv; xfi:artifacts/nova1492/nova_unitpart_xfi_manifest.csv; proposal:artifacts/nova1492/nova_xfi_alignment_proposal.csv; source:datan\common\body1_sz.gx","pending","transform-bearing","numeric_slot_code","5","7","xfi_body_top_socket_candidate","Body XFI transform index 2 appears to be the top/firepower socket. Runtime still needs a frame-top socket field before direct asset promotion."
"nova_frame_body11_kn","datan\common\body11_kn.gx","커널","Frame","UnitParts/Bodies","Tower","","body","single","FrameTopSocket","0;0.061319;0.108324","0;0;0","1;1;1","derived","catalog:artifacts/nova1492/nova_part_catalog.csv; xfi:artifacts/nova1492/nova_unitpart_xfi_manifest.csv; proposal:artifacts/nova1492/nova_xfi_alignment_proposal.csv; source:datan\common\body11_kn.gx","pending","transform-bearing","numeric_slot_code","5","7","xfi_body_top_socket_candidate","Body XFI transform index 2 appears to be the top/firepower socket. Runtime still needs a frame-top socket field before direct asset promotion."
"nova_frame_body12_kt","datan\common\body12_kt.gx","캡틴","Frame","UnitParts/Bodies","Tower","","body","single","FrameTopSocket","-0.000006;0.045502;0","0;0;0","1;1;1","derived","catalog:artifacts/nova1492/nova_part_catalog.csv; xfi:artifacts/nova1492/nova_unitpart_xfi_manifest.csv; proposal:artifacts/nova1492/nova_xfi_alignment_proposal.csv; source:datan\common\body12_kt.gx","pending","transform-bearing","numeric_slot_code","5","7","xfi_body_top_socket_candidate","Body XFI transform index 2 appears to be the top/firepower socket. Runtime still needs a frame-top socket field before direct asset promotion."
"nova_frame_body15_znr","datan\common\body15_znr.gx","제너럴","Frame","UnitParts/Bodies","Tower","","body","single","FrameTopSocket","0;0.084742;-0.036373","0;0;0","1;1;1","derived","catalog:artifacts/nova1492/nova_part_catalog.csv; xfi:artifacts/nova1492/nova_unitpart_xfi_manifest.csv; proposal:artifacts/nova1492/nova_xfi_alignment_proposal.csv; source:datan\common\body15_znr.gx","pending","transform-bearing","numeric_slot_code","5","7","xfi_body_top_socket_candidate","Body XFI transform index 2 appears to be the top/firepower socket. Runtime still needs a frame-top socket field before direct asset promotion."
"nova_frame_body16_kmdo","datan\common\body16_kmdo.gx","코모도어","Frame","UnitParts/Bodies","Tower","","body","single","FrameTopSocket","0;0.088404;-0.05525","0;0;0","1;1;1","derived","catalog:artifacts/nova1492/nova_part_catalog.csv; xfi:artifacts/nova1492/nova_unitpart_xfi_manifest.csv; proposal:artifacts/nova1492/nova_xfi_alignment_proposal.csv; source:datan\common\body16_kmdo.gx","pending","transform-bearing","numeric_slot_code","5","7","xfi_body_top_socket_candidate","Body XFI transform index 2 appears to be the top/firepower socket. Runtime still needs a frame-top socket field before direct asset promotion."
"nova_frame_body19_spd","datan\common\body19_spd.gx","스파덱","Frame","UnitParts/Bodies","Tower","","body","single","FrameTopSocket","0;0.052984;0","0;0;0","1;1;1","derived","catalog:artifacts/nova1492/nova_part_catalog.csv; xfi:artifacts/nova1492/nova_unitpart_xfi_manifest.csv; proposal:artifacts/nova1492/nova_xfi_alignment_proposal.csv; source:datan\common\body19_spd.gx","pending","transform-bearing","numeric_slot_code","5","7","xfi_body_top_socket_candidate","Body XFI transform index 2 appears to be the top/firepower socket. Runtime still needs a frame-top socket field before direct asset promotion."
"nova_frame_body20_prsd","datan\common\body20_prsd.gx","플러시덱","Frame","UnitParts/Bodies","Tower","","body","single","FrameTopSocket","-0.000003;0.088748;0.000158","0;0;0","1;1;1","derived","catalog:artifacts/nova1492/nova_part_catalog.csv; xfi:artifacts/nova1492/nova_unitpart_xfi_manifest.csv; proposal:artifacts/nova1492/nova_xfi_alignment_proposal.csv; source:datan\common\body20_prsd.gx","pending","transform-bearing","numeric_slot_code","5","7","xfi_body_top_socket_candidate","Body XFI transform index 2 appears to be the top/firepower socket. Runtime still needs a frame-top socket field before direct asset promotion."
"nova_frame_body22_kdd","datan\common\body22_kdd.gx","쿼터덱","Frame","UnitParts/Bodies","Tower","","body","single","FrameTopSocket","-0.004331;0.083605;-0.103305","0;0;0","1;1;1","derived","catalog:artifacts/nova1492/nova_part_catalog.csv; xfi:artifacts/nova1492/nova_unitpart_xfi_manifest.csv; proposal:artifacts/nova1492/nova_xfi_alignment_proposal.csv; source:datan\common\body22_kdd.gx","pending","transform-bearing","numeric_slot_code","5","7","xfi_body_top_socket_candidate","Body XFI transform index 2 appears to be the top/firepower socket. Runtime still needs a frame-top socket field before direct asset promotion."
"nova_frame_body23_ms","datan\common\body23_ms.gx","마샬","Frame","UnitParts/Bodies","Tower","","body","single","FrameTopSocket","0;0.078301;0.004275","0;0;0","1;1;1","derived","catalog:artifacts/nova1492/nova_part_catalog.csv; xfi:artifacts/nova1492/nova_unitpart_xfi_manifest.csv; proposal:artifacts/nova1492/nova_xfi_alignment_proposal.csv; source:datan\common\body23_ms.gx","pending","transform-bearing","numeric_slot_code","5","7","xfi_body_top_socket_candidate","Body XFI transform index 2 appears to be the top/firepower socket. Runtime still needs a frame-top socket field before direct asset promotion."
"nova_frame_body25_bosro","datan\common\body25_bosro.gx","바이스로이","Frame","UnitParts/Bodies","Tower","","body","single","FrameTopSocket","0;0.087163;0","0;0;0","1;1;1","derived","catalog:artifacts/nova1492/nova_part_catalog.csv; xfi:artifacts/nova1492/nova_unitpart_xfi_manifest.csv; proposal:artifacts/nova1492/nova_xfi_alignment_proposal.csv; source:datan\common\body25_bosro.gx","pending","transform-bearing","numeric_slot_code","5","7","xfi_body_top_socket_candidate","Body XFI transform index 2 appears to be the top/firepower socket. Runtime still needs a frame-top socket field before direct asset promotion."
"nova_frame_body37_ktn","datan\common\body37_ktn.gx","캡티널","Frame","UnitParts/Bodies","Tower","","body","single","FrameTopSocket","0;0.066537;-0.006472","0;0;0","1;1;1","derived","catalog:artifacts/nova1492/nova_part_catalog.csv; xfi:artifacts/nova1492/nova_unitpart_xfi_manifest.csv; proposal:artifacts/nova1492/nova_xfi_alignment_proposal.csv; source:datan\common\body37_ktn.gx","pending","transform-bearing","numeric_slot_code","5","7","xfi_body_top_socket_candidate","Body XFI transform index 2 appears to be the top/firepower socket. Runtime still needs a frame-top socket field before direct asset promotion."
"nova_frame_body4_kpr","datan\common\body4_kpr.gx","코포럴","Frame","UnitParts/Bodies","Tower","","body","single","FrameTopSocket","0;0.050932;0.049145","0;0;0","1;1;1","derived","catalog:artifacts/nova1492/nova_part_catalog.csv; xfi:artifacts/nova1492/nova_unitpart_xfi_manifest.csv; proposal:artifacts/nova1492/nova_xfi_alignment_proposal.csv; source:datan\common\body4_kpr.gx","pending","transform-bearing","numeric_slot_code","5","7","xfi_body_top_socket_candidate","Body XFI transform index 2 appears to be the top/firepower socket. Runtime still needs a frame-top socket field before direct asset promotion."
"nova_frame_n_body41_kmdo","datan\common\n_body41_kmdo.gx","코모도어N","Frame","UnitParts/Bodies","Tower","","body","single","FrameTopSocket","0;0.088404;-0.05525","0;0;0","1;1;1","derived","catalog:artifacts/nova1492/nova_part_catalog.csv; xfi:artifacts/nova1492/nova_unitpart_xfi_manifest.csv; proposal:artifacts/nova1492/nova_xfi_alignment_proposal.csv; source:datan\common\n_body41_kmdo.gx","pending","transform-bearing","numeric_slot_code","5","7","xfi_body_top_socket_candidate","Body XFI transform index 2 appears to be the top/firepower socket. Runtime still needs a frame-top socket field before direct asset promotion."
"nova_frame_n_body42_kdd","datan\common\n_body42_kdd.gx","쿼더덱N","Frame","UnitParts/Bodies","Tower","","body","single","FrameTopSocket","-0.004331;0.083605;-0.103305","0;0;0","1;1;1","derived","catalog:artifacts/nova1492/nova_part_catalog.csv; xfi:artifacts/nova1492/nova_unitpart_xfi_manifest.csv; proposal:artifacts/nova1492/nova_xfi_alignment_proposal.csv; source:datan\common\n_body42_kdd.gx","pending","transform-bearing","numeric_slot_code","5","7","xfi_body_top_socket_candidate","Body XFI transform index 2 appears to be the top/firepower socket. Runtime still needs a frame-top socket field before direct asset promotion."
"nova_mob_g_legs37_sts","datan\common\g_legs37_sts.gx","스타쉽G","Mobility","UnitParts/Legs","Unspecified","Air","legs","single","LegBodySocket","0;-0.005429;0","0;0;0","1;1;1","derived","catalog:artifacts/nova1492/nova_part_catalog.csv; xfi:artifacts/nova1492/nova_unitpart_xfi_manifest.csv; proposal:artifacts/nova1492/nova_xfi_alignment_proposal.csv; source:datan\common\g_legs37_sts.gx","pending","transform-bearing","numeric_slot_code","1","7","xfi_leg_body_socket_candidate","Leg XFI transform index 0 appears to be the body attach socket."
"nova_mob_g_legs57_ppo","datan\common\g_legs57_ppo.gx","피파울G","Mobility","UnitParts/Legs","Unspecified","Ground","legs","single","LegBodySocket","0;0;0","0;0;0","1;1;1","derived","catalog:artifacts/nova1492/nova_part_catalog.csv; xfi:artifacts/nova1492/nova_unitpart_xfi_manifest.csv; proposal:artifacts/nova1492/nova_xfi_alignment_proposal.csv; source:datan\common\g_legs57_ppo.gx","pending","transform-bearing","numeric_slot_code","1","7","xfi_leg_body_socket_candidate","Known leg single-part visual quality risk; route to GX audit if unit capture still mismatches. Leg XFI transform index 0 appears to be the body attach socket."
"nova_mob_g_legs58_pps","datan\common\g_legs58_pps.gx","포퍼스G","Mobility","UnitParts/Legs","Unspecified","Air","legs","single","LegBodySocket","0;0;0","0;0;0","1;1;1","derived","catalog:artifacts/nova1492/nova_part_catalog.csv; xfi:artifacts/nova1492/nova_unitpart_xfi_manifest.csv; proposal:artifacts/nova1492/nova_xfi_alignment_proposal.csv; source:datan\common\g_legs58_pps.gx","pending","transform-bearing","numeric_slot_code","1","7","xfi_leg_body_socket_candidate","Leg XFI transform index 0 appears to be the body attach socket."
"nova_mob_g_legs59_hb","datan\common\g_legs59_hb.gx","호버G","Mobility","UnitParts/Legs","Unspecified","Ground","legs","single","LegBodySocket","0;0;0","0;0;0","1;1;1","derived","catalog:artifacts/nova1492/nova_part_catalog.csv; xfi:artifacts/nova1492/nova_unitpart_xfi_manifest.csv; proposal:artifacts/nova1492/nova_xfi_alignment_proposal.csv; source:datan\common\g_legs59_hb.gx","pending","transform-bearing","numeric_slot_code","1","7","xfi_leg_body_socket_candidate","Leg XFI transform index 0 appears to be the body attach socket."
"nova_mob_g_legs60_hord","datan\common\g_legs60_hord.gx","하이로더G","Mobility","UnitParts/Legs","Unspecified","Ground","legs","single","LegBodySocket","0;0.000058;0","0;0;0","1;1;1","derived","catalog:artifacts/nova1492/nova_part_catalog.csv; xfi:artifacts/nova1492/nova_unitpart_xfi_manifest.csv; proposal:artifacts/nova1492/nova_xfi_alignment_proposal.csv; source:datan\common\g_legs60_hord.gx","pending","transform-bearing","numeric_slot_code","1","7","xfi_leg_body_socket_candidate","Leg XFI transform index 0 appears to be the body attach socket."
"nova_mob_legs1_rdrn","datan\common\legs1_rdrn.gx","로드런너","Mobility","UnitParts/Legs","Unspecified","Ground","legs","single","LegBodySocket","0;-0.000064;0.00011","0;0;0","1;1;1","derived","catalog:artifacts/nova1492/nova_part_catalog.csv; xfi:artifacts/nova1492/nova_unitpart_xfi_manifest.csv; proposal:artifacts/nova1492/nova_xfi_alignment_proposal.csv; source:datan\common\legs1_rdrn.gx","pending","transform-bearing","numeric_slot_code","1","7","xfi_leg_body_socket_candidate","Leg XFI transform index 0 appears to be the body attach socket."
"nova_mob_legs10_prg","datan\common\legs10_prg.gx","프리깃","Mobility","UnitParts/Legs","Unspecified","Air","legs","single","LegBodySocket","0;0;0","0;0;0","1;1;1","derived","catalog:artifacts/nova1492/nova_part_catalog.csv; xfi:artifacts/nova1492/nova_unitpart_xfi_manifest.csv; proposal:artifacts/nova1492/nova_xfi_alignment_proposal.csv; source:datan\common\legs10_prg.gx","pending","transform-bearing","numeric_slot_code","1","7","xfi_leg_body_socket_candidate","Leg XFI transform index 0 appears to be the body attach socket."
"nova_mob_legs11_strod","datan\common\legs11_strod.gx","스트라이더","Mobility","UnitParts/Legs","Unspecified","Ground","legs","single","LegBodySocket","0;0;0","0;0;0","1;1;1","derived","catalog:artifacts/nova1492/nova_part_catalog.csv; xfi:artifacts/nova1492/nova_unitpart_xfi_manifest.csv; proposal:artifacts/nova1492/nova_xfi_alignment_proposal.csv; source:datan\common\legs11_strod.gx","pending","transform-bearing","numeric_slot_code","1","7","xfi_leg_body_socket_candidate","Leg XFI transform index 0 appears to be the body attach socket."
"nova_mob_legs12_kb","datan\common\legs12_kb.gx","코벳","Mobility","UnitParts/Legs","Unspecified","Air","legs","single","LegBodySocket","-0.000039;0.021812;0.032181","0;0;0","1;1;1","derived","catalog:artifacts/nova1492/nova_part_catalog.csv; xfi:artifacts/nova1492/nova_unitpart_xfi_manifest.csv; proposal:artifacts/nova1492/nova_xfi_alignment_proposal.csv; source:datan\common\legs12_kb.gx","pending","transform-bearing","numeric_slot_code","1","7","xfi_leg_body_socket_candidate","Leg XFI transform index 0 appears to be the body attach socket."
"nova_mob_legs13_krz","datan\common\legs13_krz.gx","크루저","Mobility","UnitParts/Legs","Unspecified","Air","legs","single","LegBodySocket","0.000049;0.017341;0.040337","0;0;0","1;1;1","derived","catalog:artifacts/nova1492/nova_part_catalog.csv; xfi:artifacts/nova1492/nova_unitpart_xfi_manifest.csv; proposal:artifacts/nova1492/nova_xfi_alignment_proposal.csv; source:datan\common\legs13_krz.gx","pending","transform-bearing","numeric_slot_code","1","7","xfi_leg_body_socket_candidate","Leg XFI transform index 0 appears to be the body attach socket."
"nova_mob_legs14_grp","datan\common\legs14_grp.gx","갤로퍼","Mobility","UnitParts/Legs","Unspecified","Ground","legs","single","LegBodySocket","-0.000003;0.000999;0.000006","0;0;0","1;1;1","derived","catalog:artifacts/nova1492/nova_part_catalog.csv; xfi:artifacts/nova1492/nova_unitpart_xfi_manifest.csv; proposal:artifacts/nova1492/nova_xfi_alignment_proposal.csv; source:datan\common\legs14_grp.gx","pending","transform-bearing","numeric_slot_code","1","7","xfi_leg_body_socket_candidate","Leg XFI transform index 0 appears to be the body attach socket."
"nova_mob_legs15_krr","datan\common\legs15_krr.gx","크롤러","Mobility","UnitParts/Legs","Unspecified","Ground","legs","single","LegBodySocket","0;0.000087;0","0;0;0","1;1;1","derived","catalog:artifacts/nova1492/nova_part_catalog.csv; xfi:artifacts/nova1492/nova_unitpart_xfi_manifest.csv; proposal:artifacts/nova1492/nova_xfi_alignment_proposal.csv; source:datan\common\legs15_krr.gx","pending","transform-bearing","numeric_slot_code","1","7","xfi_leg_body_socket_candidate","Leg XFI transform index 0 appears to be the body attach socket."
"nova_mob_legs16_sprt","datan\common\legs16_sprt.gx","스플리터","Mobility","UnitParts/Legs","Unspecified","Ground","legs","single","LegBodySocket","0;0.000016;0","0;0;0","1;1;1","derived","catalog:artifacts/nova1492/nova_part_catalog.csv; xfi:artifacts/nova1492/nova_unitpart_xfi_manifest.csv; proposal:artifacts/nova1492/nova_xfi_alignment_proposal.csv; source:datan\common\legs16_sprt.gx","pending","transform-bearing","numeric_slot_code","1","7","xfi_leg_body_socket_candidate","Leg XFI transform index 0 appears to be the body attach socket."
"nova_mob_legs17_oprd","datan\common\legs17_oprd.gx","오프로더","Mobility","UnitParts/Legs","Unspecified","Ground","legs","single","LegBodySocket","-0.000008;0.0089;0.000459","0;0;0","1;1;1","derived","catalog:artifacts/nova1492/nova_part_catalog.csv; xfi:artifacts/nova1492/nova_unitpart_xfi_manifest.csv; proposal:artifacts/nova1492/nova_xfi_alignment_proposal.csv; source:datan\common\legs17_oprd.gx","pending","transform-bearing","numeric_slot_code","1","7","xfi_leg_body_socket_candidate","Leg XFI transform index 0 appears to be the body attach socket."
"nova_mob_legs18_hord","datan\common\legs18_hord.gx","하이로더","Mobility","UnitParts/Legs","Unspecified","Ground","legs","single","LegBodySocket","0;0.000058;0","0;0;0","1;1;1","derived","catalog:artifacts/nova1492/nova_part_catalog.csv; xfi:artifacts/nova1492/nova_unitpart_xfi_manifest.csv; proposal:artifacts/nova1492/nova_xfi_alignment_proposal.csv; source:datan\common\legs18_hord.gx","pending","transform-bearing","numeric_slot_code","1","7","xfi_leg_body_socket_candidate","Leg XFI transform index 0 appears to be the body attach socket."
"nova_mob_legs2_tdr","datan\common\legs2_tdr.gx","토들러","Mobility","UnitParts/Legs","Unspecified","Ground","legs","single","LegBodySocket","0;0.001422;-0.000018","0;0;0","1;1;1","derived","catalog:artifacts/nova1492/nova_part_catalog.csv; xfi:artifacts/nova1492/nova_unitpart_xfi_manifest.csv; proposal:artifacts/nova1492/nova_xfi_alignment_proposal.csv; source:datan\common\legs2_tdr.gx","pending","transform-bearing","numeric_slot_code","1","7","xfi_leg_body_socket_candidate","Leg XFI transform index 0 appears to be the body attach socket."
"nova_mob_legs20_spod","datan\common\legs20_spod.gx","스파이더","Mobility","UnitParts/Legs","Unspecified","Ground","legs","single","LegBodySocket","0;0.000015;0","0;0;0","1;1;1","derived","catalog:artifacts/nova1492/nova_part_catalog.csv; xfi:artifacts/nova1492/nova_unitpart_xfi_manifest.csv; proposal:artifacts/nova1492/nova_xfi_alignment_proposal.csv; source:datan\common\legs20_spod.gx","pending","transform-bearing","numeric_slot_code","1","7","xfi_leg_body_socket_candidate","Leg XFI transform index 0 appears to be the body attach socket."
"nova_mob_legs21_ksor","datan\common\legs21_ksor.gx","카소와리","Mobility","UnitParts/Legs","Unspecified","Ground","legs","single","LegBodySocket","0;0;0","0;0;0","1;1;1","derived","catalog:artifacts/nova1492/nova_part_catalog.csv; xfi:artifacts/nova1492/nova_unitpart_xfi_manifest.csv; proposal:artifacts/nova1492/nova_xfi_alignment_proposal.csv; source:datan\common\legs21_ksor.gx","pending","transform-bearing","numeric_slot_code","1","7","xfi_leg_body_socket_candidate","Leg XFI transform index 0 appears to be the body attach socket."
"nova_mob_legs23_tk","datan\common\legs23_tk.gx","탱커","Mobility","UnitParts/Legs","Unspecified","Ground","legs","single","LegBodySocket","0;0.000714;0","0;0;0","1;1;1","derived","catalog:artifacts/nova1492/nova_part_catalog.csv; xfi:artifacts/nova1492/nova_unitpart_xfi_manifest.csv; proposal:artifacts/nova1492/nova_xfi_alignment_proposal.csv; source:datan\common\legs23_tk.gx","pending","transform-bearing","numeric_slot_code","1","7","xfi_leg_body_socket_candidate","Leg XFI transform index 0 appears to be the body attach socket."
"nova_mob_legs24_sts","datan\common\legs24_sts.gx","스타쉽","Mobility","UnitParts/Legs","Unspecified","Air","legs","single","LegBodySocket","0;-0.005429;0","0;0;0","1;1;1","derived","catalog:artifacts/nova1492/nova_part_catalog.csv; xfi:artifacts/nova1492/nova_unitpart_xfi_manifest.csv; proposal:artifacts/nova1492/nova_xfi_alignment_proposal.csv; source:datan\common\legs24_sts.gx","pending","transform-bearing","numeric_slot_code","1","7","xfi_leg_body_socket_candidate","Leg XFI transform index 0 appears to be the body attach socket."
"nova_mob_legs25_kd","datan\common\legs25_kd.gx","쿼더","Mobility","UnitParts/Legs","Unspecified","Ground","legs","single","LegBodySocket","0;0;0","0;0;0","1;1;1","derived","catalog:artifacts/nova1492/nova_part_catalog.csv; xfi:artifacts/nova1492/nova_unitpart_xfi_manifest.csv; proposal:artifacts/nova1492/nova_xfi_alignment_proposal.csv; source:datan\common\legs25_kd.gx","pending","transform-bearing","numeric_slot_code","1","7","xfi_leg_body_socket_candidate","Leg XFI transform index 0 appears to be the body attach socket."
"nova_mob_legs3_ktpr","datan\common\legs3_ktpr.gx","캐터필러","Mobility","UnitParts/Legs","Unspecified","Ground","legs","single","LegBodySocket","-0.000281;-0.000798;-0.000004","0;0;0","1;1;1","derived","catalog:artifacts/nova1492/nova_part_catalog.csv; xfi:artifacts/nova1492/nova_unitpart_xfi_manifest.csv; proposal:artifacts/nova1492/nova_xfi_alignment_proposal.csv; source:datan\common\legs3_ktpr.gx","pending","transform-bearing","numeric_slot_code","1","7","xfi_leg_body_socket_candidate","Known leg single-part visual quality risk; route to GX audit if unit capture still mismatches. Leg XFI transform index 0 appears to be the body attach socket."
"nova_mob_legs34_dpns","datan\common\legs34_dpns.gx","델피누스","Mobility","UnitParts/Legs","Unspecified","Ground","legs","single","LegBodySocket","0;0.000015;0","0;0;0","1;1;1","derived","catalog:artifacts/nova1492/nova_part_catalog.csv; xfi:artifacts/nova1492/nova_unitpart_xfi_manifest.csv; proposal:artifacts/nova1492/nova_xfi_alignment_proposal.csv; source:datan\common\legs34_dpns.gx","pending","transform-bearing","numeric_slot_code","1","7","xfi_leg_body_socket_candidate","Known leg single-part visual quality risk; route to GX audit if unit capture still mismatches. Leg XFI transform index 0 appears to be the body attach socket."
"nova_mob_legs4_kt","datan\common\legs4_kt.gx","캔터","Mobility","UnitParts/Legs","Unspecified","Ground","legs","single","LegBodySocket","0.000147;0.000002;-0.000003","0;0;0","1;1;1","derived","catalog:artifacts/nova1492/nova_part_catalog.csv; xfi:artifacts/nova1492/nova_unitpart_xfi_manifest.csv; proposal:artifacts/nova1492/nova_xfi_alignment_proposal.csv; source:datan\common\legs4_kt.gx","pending","transform-bearing","numeric_slot_code","1","7","xfi_leg_body_socket_candidate","Leg XFI transform index 0 appears to be the body attach socket."
"nova_mob_legs49_otrs","datan\common\legs49_otrs.gx","옵테릭스","Mobility","UnitParts/Legs","Unspecified","Ground","legs","single","LegBodySocket","0;0;0","0;0;0","1;1;1","derived","catalog:artifacts/nova1492/nova_part_catalog.csv; xfi:artifacts/nova1492/nova_unitpart_xfi_manifest.csv; proposal:artifacts/nova1492/nova_xfi_alignment_proposal.csv; source:datan\common\legs49_otrs.gx","pending","transform-bearing","numeric_slot_code","1","7","xfi_leg_body_socket_candidate","Known leg single-part visual quality risk; route to GX audit if unit capture still mismatches. Leg XFI transform index 0 appears to be the body attach socket."
"nova_mob_legs5_ko","datan\common\legs5_ko.gx","키위","Mobility","UnitParts/Legs","Unspecified","Ground","legs","single","LegBodySocket","0;0.005449;0.000007","0;0;0","1;1;1","derived","catalog:artifacts/nova1492/nova_part_catalog.csv; xfi:artifacts/nova1492/nova_unitpart_xfi_manifest.csv; proposal:artifacts/nova1492/nova_xfi_alignment_proposal.csv; source:datan\common\legs5_ko.gx","pending","transform-bearing","numeric_slot_code","1","7","xfi_leg_body_socket_candidate","Leg XFI transform index 0 appears to be the body attach socket."
"nova_mob_legs50_pps","datan\common\legs50_pps.gx","포퍼스","Mobility","UnitParts/Legs","Unspecified","Air","legs","single","LegBodySocket","0;0;0","0;0;0","1;1;1","derived","catalog:artifacts/nova1492/nova_part_catalog.csv; xfi:artifacts/nova1492/nova_unitpart_xfi_manifest.csv; proposal:artifacts/nova1492/nova_xfi_alignment_proposal.csv; source:datan\common\legs50_pps.gx","pending","transform-bearing","numeric_slot_code","1","7","xfi_leg_body_socket_candidate","Leg XFI transform index 0 appears to be the body attach socket."
"nova_mob_legs51_ppo","datan\common\legs51_ppo.gx","피파울","Mobility","UnitParts/Legs","Unspecified","Ground","legs","single","LegBodySocket","0;0;0","0;0;0","1;1;1","derived","catalog:artifacts/nova1492/nova_part_catalog.csv; xfi:artifacts/nova1492/nova_unitpart_xfi_manifest.csv; proposal:artifacts/nova1492/nova_xfi_alignment_proposal.csv; source:datan\common\legs51_ppo.gx","pending","transform-bearing","numeric_slot_code","1","7","xfi_leg_body_socket_candidate","Known leg single-part visual quality risk; route to GX audit if unit capture still mismatches. Leg XFI transform index 0 appears to be the body attach socket."
"nova_mob_legs52_pkk","datan\common\legs52_pkk.gx","피코크","Mobility","UnitParts/Legs","Unspecified","Ground","legs","single","LegBodySocket","0;0;0","0;0;0","1;1;1","derived","catalog:artifacts/nova1492/nova_part_catalog.csv; xfi:artifacts/nova1492/nova_unitpart_xfi_manifest.csv; proposal:artifacts/nova1492/nova_xfi_alignment_proposal.csv; source:datan\common\legs52_pkk.gx","pending","transform-bearing","numeric_slot_code","1","7","xfi_leg_body_socket_candidate","Leg XFI transform index 0 appears to be the body attach socket."
"nova_mob_legs53_rgd","datan\common\legs53_rgd.gx","래거드","Mobility","UnitParts/Legs","Unspecified","Ground","legs","single","LegBodySocket","0;0.000015;0","0;0;0","1;1;1","derived","catalog:artifacts/nova1492/nova_part_catalog.csv; xfi:artifacts/nova1492/nova_unitpart_xfi_manifest.csv; proposal:artifacts/nova1492/nova_xfi_alignment_proposal.csv; source:datan\common\legs53_rgd.gx","pending","transform-bearing","numeric_slot_code","1","7","xfi_leg_body_socket_candidate","Leg XFI transform index 0 appears to be the body attach socket."
"nova_mob_legs6_ok","datan\common\legs6_ok.gx","워커","Mobility","UnitParts/Legs","Unspecified","Ground","legs","single","LegBodySocket","0.000004;-0.001167;0","0;0;0","1;1;1","derived","catalog:artifacts/nova1492/nova_part_catalog.csv; xfi:artifacts/nova1492/nova_unitpart_xfi_manifest.csv; proposal:artifacts/nova1492/nova_xfi_alignment_proposal.csv; source:datan\common\legs6_ok.gx","pending","transform-bearing","numeric_slot_code","1","7","xfi_leg_body_socket_candidate","Leg XFI transform index 0 appears to be the body attach socket."
"nova_mob_legs7_hb","datan\common\legs7_hb.gx","호버","Mobility","UnitParts/Legs","Unspecified","Ground","legs","single","LegBodySocket","0;0;0","0;0;0","1;1;1","derived","catalog:artifacts/nova1492/nova_part_catalog.csv; xfi:artifacts/nova1492/nova_unitpart_xfi_manifest.csv; proposal:artifacts/nova1492/nova_xfi_alignment_proposal.csv; source:datan\common\legs7_hb.gx","pending","transform-bearing","numeric_slot_code","1","7","xfi_leg_body_socket_candidate","Leg XFI transform index 0 appears to be the body attach socket."
"nova_mob_legs8_obr","datan\common\legs8_obr.gx","앰블러","Mobility","UnitParts/Legs","Unspecified","Ground","legs","single","LegBodySocket","-0.000025;0.005253;-0.000005","0;0;0","1;1;1","derived","catalog:artifacts/nova1492/nova_part_catalog.csv; xfi:artifacts/nova1492/nova_unitpart_xfi_manifest.csv; proposal:artifacts/nova1492/nova_xfi_alignment_proposal.csv; source:datan\common\legs8_obr.gx","pending","transform-bearing","numeric_slot_code","1","7","xfi_leg_body_socket_candidate","Leg XFI transform index 0 appears to be the body attach socket."
"nova_mob_legs9_ptr","datan\common\legs9_ptr.gx","패트롤","Mobility","UnitParts/Legs","Unspecified","Air","legs","single","LegBodySocket","-0.000066;-0.032108;0.11392","0;0;0","1;1;1","derived","catalog:artifacts/nova1492/nova_part_catalog.csv; xfi:artifacts/nova1492/nova_unitpart_xfi_manifest.csv; proposal:artifacts/nova1492/nova_xfi_alignment_proposal.csv; source:datan\common\legs9_ptr.gx","pending","transform-bearing","numeric_slot_code","1","7","xfi_leg_body_socket_candidate","Leg XFI transform index 0 appears to be the body attach socket."
"nova_mob_n_legs38_grp","datan\common\n_legs38_grp.gx","갤로퍼N","Mobility","UnitParts/Legs","Unspecified","Ground","legs","single","LegBodySocket","-0.000003;0.000999;0.000006","0;0;0","1;1;1","derived","catalog:artifacts/nova1492/nova_part_catalog.csv; xfi:artifacts/nova1492/nova_unitpart_xfi_manifest.csv; proposal:artifacts/nova1492/nova_xfi_alignment_proposal.csv; source:datan\common\n_legs38_grp.gx","pending","transform-bearing","numeric_slot_code","1","7","xfi_leg_body_socket_candidate","Leg XFI transform index 0 appears to be the body attach socket."
"nova_mob_n_legs39_wk","datan\common\n_legs39_wk.gx","워커N","Mobility","UnitParts/Legs","Unspecified","Ground","legs","single","LegBodySocket","0.000004;-0.001167;0","0;0;0","1;1;1","derived","catalog:artifacts/nova1492/nova_part_catalog.csv; xfi:artifacts/nova1492/nova_unitpart_xfi_manifest.csv; proposal:artifacts/nova1492/nova_xfi_alignment_proposal.csv; source:datan\common\n_legs39_wk.gx","pending","transform-bearing","numeric_slot_code","1","7","xfi_leg_body_socket_candidate","Leg XFI transform index 0 appears to be the body attach socket."
"nova_mob_n_legs40_krz","datan\common\n_legs40_krz.gx","크루저N","Mobility","UnitParts/Legs","Unspecified","Air","legs","single","LegBodySocket","0.000049;0.017341;0.040337","0;0;0","1;1;1","derived","catalog:artifacts/nova1492/nova_part_catalog.csv; xfi:artifacts/nova1492/nova_unitpart_xfi_manifest.csv; proposal:artifacts/nova1492/nova_xfi_alignment_proposal.csv; source:datan\common\n_legs40_krz.gx","pending","transform-bearing","numeric_slot_code","1","7","xfi_leg_body_socket_candidate","Leg XFI transform index 0 appears to be the body attach socket."
"nova_mob_n_legs41_tdr","datan\common\n_legs41_tdr.gx","토들러N","Mobility","UnitParts/Legs","Unspecified","Ground","legs","single","LegBodySocket","0;0.001422;-0.000018","0;0;0","1;1;1","derived","catalog:artifacts/nova1492/nova_part_catalog.csv; xfi:artifacts/nova1492/nova_unitpart_xfi_manifest.csv; proposal:artifacts/nova1492/nova_xfi_alignment_proposal.csv; source:datan\common\n_legs41_tdr.gx","pending","transform-bearing","numeric_slot_code","1","7","xfi_leg_body_socket_candidate","Leg XFI transform index 0 appears to be the body attach socket."
"nova_mob_n_legs42_krr","datan\common\n_legs42_krr.gx","크롤러N","Mobility","UnitParts/Legs","Unspecified","Ground","legs","single","LegBodySocket","0;0.000087;0","0;0;0","1;1;1","derived","catalog:artifacts/nova1492/nova_part_catalog.csv; xfi:artifacts/nova1492/nova_unitpart_xfi_manifest.csv; proposal:artifacts/nova1492/nova_xfi_alignment_proposal.csv; source:datan\common\n_legs42_krr.gx","pending","transform-bearing","numeric_slot_code","1","7","xfi_leg_body_socket_candidate","Leg XFI transform index 0 appears to be the body attach socket."
"nova_mob_n_legs44_hord","datan\common\n_legs44_hord.gx","하이로더N","Mobility","UnitParts/Legs","Unspecified","Ground","legs","single","LegBodySocket","0;0.000058;0","0;0;0","1;1;1","derived","catalog:artifacts/nova1492/nova_part_catalog.csv; xfi:artifacts/nova1492/nova_unitpart_xfi_manifest.csv; proposal:artifacts/nova1492/nova_xfi_alignment_proposal.csv; source:datan\common\n_legs44_hord.gx","pending","transform-bearing","numeric_slot_code","1","7","xfi_leg_body_socket_candidate","Leg XFI transform index 0 appears to be the body attach socket."
"nova_mob_n_legs45_strod","datan\common\n_legs45_strod.gx","스트라이더N","Mobility","UnitParts/Legs","Unspecified","Ground","legs","single","LegBodySocket","0;0;0","0;0;0","1;1;1","derived","catalog:artifacts/nova1492/nova_part_catalog.csv; xfi:artifacts/nova1492/nova_unitpart_xfi_manifest.csv; proposal:artifacts/nova1492/nova_xfi_alignment_proposal.csv; source:datan\common\n_legs45_strod.gx","pending","transform-bearing","numeric_slot_code","1","7","xfi_leg_body_socket_candidate","Leg XFI transform index 0 appears to be the body attach socket."
"nova_mob_n_legs46_sprt","datan\common\n_legs46_sprt.gx","스플리터N","Mobility","UnitParts/Legs","Unspecified","Ground","legs","single","LegBodySocket","0;0.000016;0","0;0;0","1;1;1","derived","catalog:artifacts/nova1492/nova_part_catalog.csv; xfi:artifacts/nova1492/nova_unitpart_xfi_manifest.csv; proposal:artifacts/nova1492/nova_xfi_alignment_proposal.csv; source:datan\common\n_legs46_sprt.gx","pending","transform-bearing","numeric_slot_code","1","7","xfi_leg_body_socket_candidate","Leg XFI transform index 0 appears to be the body attach socket."
"nova_mob_s_legs27_ksor","datan\common\s_legs27_ksor.gx","카소와리S","Mobility","UnitParts/Legs","Unspecified","Ground","legs","single","LegBodySocket","0;0;0","0;0;0","1;1;1","derived","catalog:artifacts/nova1492/nova_part_catalog.csv; xfi:artifacts/nova1492/nova_unitpart_xfi_manifest.csv; proposal:artifacts/nova1492/nova_xfi_alignment_proposal.csv; source:datan\common\s_legs27_ksor.gx","pending","transform-bearing","numeric_slot_code","1","7","xfi_leg_body_socket_candidate","Leg XFI transform index 0 appears to be the body attach socket."
"nova_mob_s_legs28_krz","datan\common\s_legs28_krz.gx","크루저S","Mobility","UnitParts/Legs","Unspecified","Air","legs","single","LegBodySocket","0.000049;0.017341;0.040337","0;0;0","1;1;1","derived","catalog:artifacts/nova1492/nova_part_catalog.csv; xfi:artifacts/nova1492/nova_unitpart_xfi_manifest.csv; proposal:artifacts/nova1492/nova_xfi_alignment_proposal.csv; source:datan\common\s_legs28_krz.gx","pending","transform-bearing","numeric_slot_code","1","7","xfi_leg_body_socket_candidate","Leg XFI transform index 0 appears to be the body attach socket."
"nova_mob_s_legs29_sprt","datan\common\s_legs29_sprt.gx","스플리터S","Mobility","UnitParts/Legs","Unspecified","Ground","legs","single","LegBodySocket","0;0.000016;0","0;0;0","1;1;1","derived","catalog:artifacts/nova1492/nova_part_catalog.csv; xfi:artifacts/nova1492/nova_unitpart_xfi_manifest.csv; proposal:artifacts/nova1492/nova_xfi_alignment_proposal.csv; source:datan\common\s_legs29_sprt.gx","pending","transform-bearing","numeric_slot_code","1","7","xfi_leg_body_socket_candidate","Leg XFI transform index 0 appears to be the body attach socket."
"nova_mob_s_legs30_tk","datan\common\s_legs30_tk.gx","탱커S","Mobility","UnitParts/Legs","Unspecified","Ground","legs","single","LegBodySocket","0;0.000714;0","0;0;0","1;1;1","derived","catalog:artifacts/nova1492/nova_part_catalog.csv; xfi:artifacts/nova1492/nova_unitpart_xfi_manifest.csv; proposal:artifacts/nova1492/nova_xfi_alignment_proposal.csv; source:datan\common\s_legs30_tk.gx","pending","transform-bearing","numeric_slot_code","1","7","xfi_leg_body_socket_candidate","Leg XFI transform index 0 appears to be the body attach socket."
"nova_mob_s_legs31_ko","datan\common\s_legs31_ko.gx","키위S","Mobility","UnitParts/Legs","Unspecified","Ground","legs","single","LegBodySocket","0;0.005449;0.000007","0;0;0","1;1;1","derived","catalog:artifacts/nova1492/nova_part_catalog.csv; xfi:artifacts/nova1492/nova_unitpart_xfi_manifest.csv; proposal:artifacts/nova1492/nova_xfi_alignment_proposal.csv; source:datan\common\s_legs31_ko.gx","pending","transform-bearing","numeric_slot_code","1","7","xfi_leg_body_socket_candidate","Leg XFI transform index 0 appears to be the body attach socket."
"nova_mob_s_legs32_kb","datan\common\s_legs32_kb.gx","코벳S","Mobility","UnitParts/Legs","Unspecified","Air","legs","single","LegBodySocket","-0.000039;0.021812;0.032181","0;0;0","1;1;1","derived","catalog:artifacts/nova1492/nova_part_catalog.csv; xfi:artifacts/nova1492/nova_unitpart_xfi_manifest.csv; proposal:artifacts/nova1492/nova_xfi_alignment_proposal.csv; source:datan\common\s_legs32_kb.gx","pending","transform-bearing","numeric_slot_code","1","7","xfi_leg_body_socket_candidate","Leg XFI transform index 0 appears to be the body attach socket."
"nova_mob_s_legs33_spod","datan\common\s_legs33_spod.gx","스파이더S","Mobility","UnitParts/Legs","Unspecified","Ground","legs","single","LegBodySocket","0;0.000015;0","0;0;0","1;1;1","derived","catalog:artifacts/nova1492/nova_part_catalog.csv; xfi:artifacts/nova1492/nova_unitpart_xfi_manifest.csv; proposal:artifacts/nova1492/nova_xfi_alignment_proposal.csv; source:datan\common\s_legs33_spod.gx","pending","transform-bearing","numeric_slot_code","1","7","xfi_leg_body_socket_candidate","Leg XFI transform index 0 appears to be the body attach socket."
